Obj;Field;POS;Context;Number;Phase;HollowGlass;FlatGlass;Splitter;GlassChunk;Droplet;Slag;Tessera;Rod_yellow;Rod_orange;Rod_red;Rod_blue;Rod_white;Rod_greeen;Rod_Molten;Rod_Plychrome;Rod_Length;Rod_Dm;Pontil_yellow;Pontil_orange;Pontil_red;Pontil_bluee;Pontil_white;Pontil_green;OGW_yellow;OGW_orange;OGW_red;OGW_black;OGW_blue;OGW_green;OGW_white;Bead;RV;OvenPiece;Miscellaneous
44;J;17-19 und Gräberfeld;249;xx1;;;;;;;;;;;;;;;;;;;;;;;;;;;;;;;;;;1;
851;Pl.Fl 43-46;557;466;201;Pink - R;1;;;;;;;;;;;;;;;;;;;;;;;;;;;;;;;;;
1030;14;335;297;xx1;Oberer Silt;;;;;;;;;;;;;;;;;;;;;;;;;;;;;;;;;;1
1030;8;655;359;xx1;Pink - R;;;;1;;;;;;;;;;;;;;;;;;;;;;;;;;;;;;
1030;13;365;399;201;Pink - R;1;;;;;;;;;;;;;;;;;;;;;;;;;;;;;;;;;
1030;10;633;441;201;Pink - R;1;;;;;;;;;;;;;;;;;;;;;;;;;;;;;;;;;
1030;10;633;441;202;Pink - R;1;;;;;;;;;;;;;;;;;;;;;;;;;;;;;;;;;
1052;12;458;312;201;Verfüllung Grubenhaus;;;;;;;;;;;;;;;;;;;;;;;;;;;;;;;1;;;
1052;12;458;312;202;Verfüllung Grubenhaus;;;;;;;;;;;;;;;;;;;;;;;;;;;;;;;1;;;
1052;12;602;622;xx1;Verfüllung Grubenhaus;;;;;;;;;;;1;;;;;;;;;;;;;;;;;;;;;;;
1052;12;602;622;xx2;Verfüllung Grubenhaus;;;;;;;;;;;;;;;;;;;;;;;;;;;;;;;;1;;
1052;18;1460;858;201;Oberer Silt;;;;;;;;;;;;;;;;;;;;;;;;;;;;;;;1;;;
1052;19;1072;889;201;Pink -  R;;1;;;;;;;;;;;;;;;;;;;;;;;;;;;;;;;;
1052;18;1072;952;201;Pink -  R;1;;;;;;;;;;;;;;;;;;;;;;;;;;;;;;;;;
1052;18;1072;952;202;Pink -  R;1;;;;;;;;;;;;;;;;;;;;;;;;;;;;;;;;;
1052;18;1072;952;203;Pink -  R;;;;;;;;;;;;;;;;;;;;;;;;;;;;;;;;1;;
1052;18;1072;952;204;Pink -  R;;;;;;;;;;;;;;;;;;;;;;;;;;;;;;;;1;;
1052;18;1072;952;205;Pink -  R;;;;;;;;;;;;;;;;;;;;;;;;;;;;;;;;1;;
1052;20;1071;975;xx1;Pink - R;1;;;;;;;;;;;;;;;;;;;;;;;;;;;;;;;;;
1052;19;1071;977;201;Pink - R;1;;;;;;;;;;;;;;;;;;;;;;;;;;;;;;;;;
1052;19;1071;977;202;Pink - R;;;;1;;;;;;;;;;;;;;;;;;;;;;;;;;;;;;
1052;20;1072;1000;201;Pink - Schicht in situ;1;;;;;;;;;;;;;;;;;;;;;;;;;;;;;;;;;
1052;20;1072;1000;202;Pink - Schicht in situ;;;;;;;;;;;;;;;;;;;;;;;;;;;;;;;1;;;
1052;20;1699;1006;201;Pink - Schicht in situ;1;;;;;;;;;;;;;;;;;;;;;;;;;;;;;;;;;
1052;19;1699;1008;201;Pink - R;1;;;;;;;;;;;;;;;;;;;;;;;;;;;;;;;;;
1052;18;1699;1012;201;Pink - R;1;;;;;;;;;;;;;;;;;;;;;;;;;;;;;;;;;
1052;18;1460;1014;201;Oberer Silt;;;1;;;;;;;;;;;;;;;;;;;;;;;;;;;;;;;
1052;18;1699;1016;201;Pink - R;1;;;;;;;;;;;;;;;;;;;;;;;;;;;;;;;;;
1052;18;1731;1033;201;Pink - Schicht in situ;1;;;;;;;;;;;;;;;;;;;;;;;;;;;;;;;;;
1052;18;1731;1033;202;Pink - Schicht in situ;1;;;;;;;;;;;;;;;;;;;;;;;;;;;;;;;;;
1052;19;1731;1039;201;Pink - Schicht in situ;1;;;;;;;;;;;;;;;;;;;;;;;;;;;;;;;;;
1052;19;1731;1039;202;Pink - Schicht in situ;;;1;;;;;;;;;;;;;;;;;;;;;;;;;;;;;;;
1052;19;1724;1056;201;Pink - Schicht in situ;;;;;;;;;;;;;;;;;;;;;;;;;;;;;;;1;;;
1052;19;1731;1058;201;Pink - Schicht in situ;1;;;;;;;;;;;;;;;;;;;;;;;;;;;;;;;;;
1052;19;1731;1058;202;Pink - Schicht in situ;1;;;;;;;;;;;;;;;;;;;;;;;;;;;;;;;;;
1052;20;1731;1060;201;Pink - Schicht in situ;1;;;;;;;;;;;;;;;;;;;;;;;;;;;;;;;;;
1052;18;1731;1069;201;Pink - Schicht in situ;1;;;;;;;;;;;;;;;;;;;;;;;;;;;;;;;;;
1052;18;1731;1069;202;Pink - Schicht in situ;;;1;;;;;;;;;;;;;;;;;;;;;;;;;;;;;;;
1052;19;1731;1111;201;Pink - Schicht in situ;;;;;;;;;;;;;;;;;;;;;;;;;;;;;;;1;;;
1052;19;1731;1111;202;Pink - Schicht in situ;;;1;;;;;;;;;;;;;;;;;;;;;;;;;;;;;;;
1052;20;1072;1112;201;Pink - Schicht in situ;1;;;;;;;;;;;;;;;;;;;;;;;;;;;;;;;;;
1052;20;1072;1112;202;Pink - Schicht in situ;1;;;;;;;;;;;;;;;;;;;;;;;;;;;;;;;;;
1052;19;1731;1124;201;Pink - Schicht in situ;1;;;;;;;;;;;;;;;;;;;;;;;;;;;;;;;;;
1052;18;1714;1170;201;Pink - Schicht in situ;1;;;;;;;;;;;;;;;;;;;;;;;;;;;;;;;;;
1052;18;1714;1170;202;Pink - Schicht in situ;1;;;;;;;;;;;;;;;;;;;;;;;;;;;;;;;;;
1052;18;1714;1170;203;Pink - Schicht in situ;1;;;;;;;;;;;;;;;;;;;;;;;;;;;;;;;;;
1052;18;2034;1197;201;Pink - Steinansammlung;1;;;;;;;;;;;;;;;;;;;;;;;;;;;;;;;;;
1052;19;1714;1205;201;Pink - Schicht in situ;1;;;;;;;;;;;;;;;;;;;;;;;;;;;;;;;;;
1052;19;1714;1205;202;Pink - Schicht in situ;1;;;;;;;;;;;;;;;;;;;;;;;;;;;;;;;;;
1052;19;1714;1205;203;Pink - Schicht in situ;;1;;;;;;;;;;;;;;;;;;;;;;;;;;;;;;;;
1052;20;1072;1221;201;Pink - Schicht in situ;;1;;;;;;;;;;;;;;;;;;;;;;;;;;;;;;;;
1052;20;1072;1221;202;Pink - Schicht in situ;1;;;;;;;;;;;;;;;;;;;;;;;;;;;;;;;;;
1052;18;1715;1224;201;Pink - Schicht in situ;1;;;;;;;;;;;;;;;;;;;;;;;;;;;;;;;;;
1052;19;1714;1232;xx1;Pink - In situ;1;;;;;;;;;;;;;;;;;;;;;;;;;;;;;;;;;
1052;36;2139;1319;201;Pink - Steinansammlung;;;;;;;;;;;;;;;;;;;;;;;;;;;;;;;1;;;
1052;36;2139;1319;202;Pink - Steinansammlung;;;;;;;;;;;;;;;;;;;;;;;;;;;;;;;1;;;
1052;16;1177;1328;xx1;Reduktionshorizont;;;;;;;;;;;;;;;;;;;;;;;;;;;;;;;;1;;
1052;20;1071;1348;201;Pink - R;1;;;;;;;;;;;;;;;;;;;;;;;;;;;;;;;;;
1052;42;2620;1598;xx1;Nordfeld-zeitstellung unklar;;;;;;;;;;;;;;;;;;;;;;;;;;;;;;;;1;;
1052;46;;1679;xx1;Umgelagert;;;;;;;;;;;;;;;;;;;;;;;;;;;;;;;;1;;
1052;58;1581;1772;xx1;Reduktionshorizont;;;;;;;;;;;;;;;;;;;;;;;;;;;;;;;;1;;
1052;48;3609;1791;201;Oberer Silt;;;;;;;;;;;;;;;;;;;;;;;;1;;;;;;;;;;
1052;48;3609;1791;202;Oberer Silt;;;;;;;;;;;;;;;;;;;;;;;;1;;;;;;;;;;
1052;48;3609;1791;203;Oberer Silt;;;;;;;;;;;;;;;;;;;;;;;;1;;;;;;;;;;
1052;48;3609;1791;xx1;Oberer Silt;;;;;;;;;;;;;;;;;;;;;;;;;;;;;;;;1;;
1052;46;3621;1816;201;Umgelagert;;;;;;;;;;;;;;;;;;;;;;;1;;;;;;;;;;;
1052;47;3608;1887;202;Phase Christan;1;;;;;;;;;;;;;;;;;;;;;;;;;;;;;;;;;
1052;48;3661;1888;201;Umgelagert;;;;;;;;;;;;;;;;;;;;;;;1;;;;;;;;;;;
1052;56;3099;1896;201;Oberer Silt;;;;;;;;;;;;;;;;;;;;;;;;;;;;;;;1;;;
1052;56;3099;1896;203;Oberer Silt;;;;;;;;;;;;;;;;;;;;;;;;;;;;;;;;;;
1052;56;3099;1904;201;Oberer Silt;;;;;;;;;;;;;;;;;;;;;;;;;;;;;;;1;;;
1052;56;3099;1904;202;Oberer Silt;;;;;;;;;;;;;;;;;;;;;;;;;;;;;;;1;;;
1052;56;3099;1904;203;Oberer Silt;;;;;;;;;;;;;;;;;;;;;;;;;;;;;;;1;;;
1052;46;3603;1986;201;Umgelagert;;;;;;;;;;;;;;;;;;;;;;;;;;;;;;;;1;;
1052;46;3603;1986;203;Umgelagert;;;;;;;;;;;;;;;;;;;;;;;;;;;;;;;1;;;
1052;46;3603;1986;204;Umgelagert;;;;;;;;;;;;;;;;;;;;;;;;;;;;1;;;;;;
1052;46;3603;1986;205;Umgelagert;1;;;;;;;;;;;;;;;;;;;;;;;;;;;;;;;;;
1052;46;3603;1986;206;Umgelagert;;;;;;;;;;;;;;;;;;;;;;;;;;;;;;;;1;;
1052;46;3603;1986;207;Umgelagert;;;;;;;;;;;;;;;;;;;;;;;;;;;;;;;;1;;
1052;46;3603;1986;208;Umgelagert;;;;;;;;;;1;;;;;;11;4;;;;;;;;;;;;;;;;;
1052;47;3655;2010;202;Umgelagert;;;;;;;;;;;;;;;;;;;;;;;;;;;;;;;;1;;
1052;47;3656;2012;201;Oberer Silt;;;;;;;;;;;;;;;;;;;;;;;;;;;;;;;;1;;
1052;56;3099;2013;201;Oberer Silt;;;;;;;;;;;;;;;;;;;;;;;;;;;;;;;1;;;
1052;46;3791;2045;xx1;Oberer Silt-älter als Gräber;;;;;;;;;;;;;;;;;;;;;;;;;;;;;;;;;1;
1052;47;3785;2047;xx1;Oberer Silt;;;;;;;;;;;;;;;;;;;;;;;;;;;;;;;;1;;
1052;47;;2049;xx1;Umgelagert;;;;;;;;;;;;;;;;;;;;;;;;;;;;;;;;1;;
1052;46;3721;2050;201;Umgelagert;;;;;;;;;;;;;;;;;;;;;;;;1;;;;;;;;;;
1052;46;3721;2050;202;Umgelagert;;;;;;;;;;;;;;;;;;;;;;;1;;;;;;;;;;;
1052;46;3721;2050;203;Umgelagert;;;;;;;;;;;;;;;;;;;;;;;;;;;;;;;;1;;
1052;47;3798;2051;201;Phase Petra;;;;;;;;;;;;;;;;;;;;;;;;;;;;;;;;1;;
1052;47;3798;2051;202;Phase Petra;;;;;;;;;;;;;;;;;;;;;;;;;;;;;;;;1;;
1052;47;3798;2051;203;Phase Petra;1;;;;;;;;;;;;;;;;;;;;;;;;;;;;;;;;;
1052;46;3791;2053;201;Oberer Silt-älter als Gräber;;;;;;;;;;;;;;;;;;;;;;;;;;;;;;;1;;;
1052;46;3791;2053;202;Oberer Silt-älter als Gräber;;;;;;;;;;;;;;;;;;;;;;;;;;;;;;;1;;;
1052;46;3791;2053;203;Oberer Silt-älter als Gräber;;;;;;;;;;;;;;;;;;;;;;;;;;;;;;;1;;;
1052;46;3791;2053;204;Oberer Silt-älter als Gräber;;;;;;;;;;;;;;;;;;;;;;;;;;;;;;;1;;;
1052;46;3791;2053;205;Oberer Silt-älter als Gräber;1;;;;;;;;;;;;;;;;;;;;;;;;;;;;;;;;;
1052;46;3791;2053;206;Oberer Silt-älter als Gräber;;;;;;;;;;;;;;;;;;;;;;;;1;;;;;;;;;;
1052;46;3791;2053;207;Oberer Silt-älter als Gräber;;;;;;;;1;;;;;;;;9;5;;;;;;;;;;;;;;;;;
1052;46;3791;2053;209;Oberer Silt-älter als Gräber;1;;;;;;;;;;;;;;;;;;;;;;;;;;;;;;;;;
1052;46;3791;2053;210;Oberer Silt-älter als Gräber;;;;;;;;;;;;;;;;;;;;;;;;;;;;;;;;1;;
1052;46;3791;2053;211;Oberer Silt-älter als Gräber;;;;;;;;;;;;;;;;;;;;;;;;;;;;;;;;1;;
1052;46;3791;2053;212;Oberer Silt-älter als Gräber;;;;;;;;;;;;;;;;;;;;;;;;;;;;;;;;1;;
1052;46;3791;2053;213;Oberer Silt-älter als Gräber;;;;;;;;;;;;;;;;;;;;;;;;;;;;;;;;1;;
1052;46;3791;2053;214;Oberer Silt-älter als Gräber;;;;;;;;;;;;;;;;;;;;;;;;;;;;;;;;1;;
1052;46;3791;2053;215;Oberer Silt-älter als Gräber;;;;;;;;;;;;;;;;;;;;;;;;;;;;;;;;1;;
1052;46;3791;2053;216;Oberer Silt-älter als Gräber;;;;;;;;;;;;;;;;;;;;;;;;;;;;;;;;1;;
1052;46;3791;2053;217;Oberer Silt-älter als Gräber;;;;;;;;;;;;;;;;;;;;;;;;;;;;;;;;1;;
1052;46;3791;2053;218;Oberer Silt-älter als Gräber;;;;;;;;;;;;;;;;;;;;;;;;;;;;;;;;1;;
1052;46;3791;2053;219;Oberer Silt-älter als Gräber;;;;;;;;;;;;;;;;;;;;;;;;;;;;;;;;1;;
1052;46;3791;2053;220;Oberer Silt-älter als Gräber;;;;;;;;;;;;;;;;;;;;;;;;;;;;;;;;1;;
1052;46;3791;2053;221;Oberer Silt-älter als Gräber;;;;;;;;;;;;;;;;;;;;;;;;;;;;;;;;;1;
1052;46;3791;2053;222;Oberer Silt-älter als Gräber;;;;;;;;;;;;;;;;;;;;;;;;;;;;;;;;;1;
1052;46;3791;2053;223;Oberer Silt-älter als Gräber;;;;;;;;;;;;;;;;;;;;;;;;;;;;;;;;;1;
1052;46;3791;2053;225;Oberer Silt-älter als Gräber;;;;;;;;;;;;;;;;;;;;;;;;;;;;;;;;;1;
1052;46;3791;2053;227;Oberer Silt-älter als Gräber;;;;;;;;;;;;;;;;;;;;;;;;;;;;;;;;;1;
1052;48;3791;2056;201;Pink - R;;;;;;;;;;;;;;;;;;;;;;;;;;;;;;;;1;;
1052;47;3788;2061;xx1;Phase Petra;1;;;;;;;;;;;;;;;;;;;;;;;;;;;;;;;;;
1052;47;3786;2063;201;Oberer Silt;;;;;;;;;;;;;;;;;;;;;;;;;;1;;;;;;;;
1052;47;3786;2063;202;Oberer Silt;;;;;;;;;;;;;;;;;;;;;;;;;;1;;;;;;;;
1052;47;3786;2063;203;Oberer Silt;;;;;;;;;;;;;;;;;;;;;;;;;;;;;1;;;;;
1052;47;3786;2063;xx1;Oberer Silt;;;;;;;;;;;;;;;;;;;;;;;;;;;;;;;;1;;
1052;48;3791;2065;201;Oberer Silt;;;;;;;;;;;;;;;;;;;;;;;;;;;;;;;;1;;
1052;48;3791;2065;202;Oberer Silt;;;;;;;;;;;;;;;;;;;;;;;;;;;;;;;;1;;
1052;48;3791;2065;203;Oberer Silt;;;;;;;;;;;;;;;;;;;;;;;;;;;;;;;;1;;
1052;48;3791;2065;204;Oberer Silt;;;;;;;;;;;;;;;;;;;;;;;;;;;;;;;;1;;
1052;48;3791;2065;205;Oberer Silt;;;;;;;;;;;;;;;;;;;;;;;;;;;;;;;;1;;
1052;47;3796;2066;201;Pink - R ;;;;1;;;;;;;;;;;;;;;;;;;;;;;;;;;;;;
1052;47;3796;2066;202;Pink - R ;;;;;1;;;;;;;;;;;;;;;;;;;;;;;;;;;;;
1052;47;3796;2066;203;Pink - R ;;;;;1;;;;;;;;;;;;;;;;;;;;;;;;;;;;;
1052;47;3796;2066;204;Pink - R ;;;;;;;;;;;;;;;;;;;;;;;;;;;;;;;1;;;
1052;47;3796;2066;205;Pink - R ;;;;;;;;;;;;;;;;;;;;;;;;;;1;;;;;;;;
1052;47;3796;2066;206;Pink - R ;;;;;;;;;;;1;;;;;8;4;;;;;;;;;;;;;;;;;
1052;47;3796;2066;207;Pink - R ;;;;;;;;;;;;;;;;;;;;;;;;;;;;;1;;;;;
1052;47;3796;2066;208;Pink - R ;;;;;;;;;;;;;;;;;;;;;;;1;;;;;;;;;;;
1052;47;3796;2066;209;Pink - R ;;;;;;;;;;;;;;;;;;;;;;;;1;;;;;;;;;;
1052;47;3796;2066;210;Pink - R ;;;;;;;;;;;;;;;;;;;;;;;;1;;;;;;;;;;
1052;47;3796;2066;211;Pink - R ;;;;;;;;;;;;;;;;;;;;;;;;1;;;;;;;;;;
1052;47;3796;2066;212;Pink - R ;;;;;;;;;;;;;;;;;;;;;;;;;;1;;;;;;;;
1052;47;3796;2066;213;Pink - R ;;;;;;;;;;;;;;;;;;;;;;;;;;;;;;;1;;;
1052;47;3796;2066;214;Pink - R ;;;;1;;;;;;;;;;;;;;;;;;;;;;;;;;;;;;
1052;47;3796;2066;215;Pink - R ;;;;;;;;;;;;;;;;;;;;;;;;;;;;;;;;1;;
1052;47;3796;2066;216;Pink - R ;;;;;;;;;;;;;;;;;;;;;;;;;;;;;;;;1;;
1052;47;3796;2066;217;Pink - R ;;;;;;;;;;;;;;;;;;;;;;;;;;;;;;;;1;;
1052;48;3788;2069;xx1;Phase Petra;1;;;;;;;;;;;;;;;;;;;;;;;;;;;;;;;;;
1052;48;3908;2075;201;Pink - R;;;1;;;;;;;;;;;;;;;;;;;;;;;;;;;;;;;
1052;48;3908;2075;202;Pink - R;;;;;;;;;;;;;;;;;;;;;;;;1;;;;;;;;;;
1052;48;3908;2077;201;Pink - R;;;;1;;;;;;;;;;;;;;;;;;;;;;;;;;;;;;
1052;48;3908;2077;202;Pink - R;;;;1;;;;;;;;;;;;;;;;;;;;;;;;;;;;;;
1052;48;3908;2077;203;Pink - R;;;1;;;;;;;;;;;;;;;;;;;;;;;;;;;;;;;
1052;48;3908;2077;204;Pink - R;;;;;;;;;;;;;;;;;;;;;;;;;;;;;;;1;;;
1052;48;3908;2077;205;Pink - R;;;;;;;;;;;;;1;;;7;9;;;;;;;;;;;;;;;;;
1052;48;3908;2077;206;Pink - R;;;;;;;;;;;;;;;;;;;;;1;;;;;;;;;;;;;
1052;48;3908;2077;207;Pink - R;;;;;;;;;;;;;;;;;;;;;;;;1;;;;;;;;;;
1052;48;3908;2077;208;Pink - R;;;;;;;;;;;;;;;;;;;;;;;;;;;;;;;;1;;
1052;48;3908;2077;209;Pink - R;;;;;;;;;;;;;;;;;;;;;;;;;;;;;;;;1;;
1052;48;3908;2077;210;Pink - R;;;;;;;;;;;;;;;;;;;;;;;;;;;;;;;;1;;
1052;48;3908;2077;211;Pink - R;;;;;;;;;;;;;;;;;;;;;;;;;;;;;;;;1;;
1052;48;3908;2077;212;Pink - R;;;;;;;;;;;;;;;;;;;;;;;;;;;;;;;;1;;
1052;48;3908;2077;213;Pink - R;;;;;;;;;;;;;;;;;;;;;;;;;;;;;;;;1;;
1052;47;3908;2254;201;Pink - R ;;;1;;;;;;;;;;;;;;;;;;;;;;;;;;;;;;;
1052;47;3908;2254;202;Pink - R ;;;;;;;;;;;;;;;;;;;;;;;;;;;;;;;1;;;
1052;47;3908;2254;203;Pink - R ;;;;;;;;;;;;;;;;;;;;;;;;;;;;;;1;;;;
1052;47;3908;2254;204;Pink - R ;;;;;;;;;;;;;;;y;;2;;;;;;;;;;;;;;;;;
1052;47;3908;2254;205;Pink - R ;;;;;;;;;1;;;;;;;10;7;;;;;;;;;;;;;;;;;
1052;47;3908;2254;206;Pink - R ;;;;;;;;;;;;;;;;;;;;;;;;;;;;;;;;1;;
1052;47;3908;2254;207;Pink - R ;;;;;;;;;;;;;;;;;;;;;;;;1;;;;;;;;;;
1052;47;3908;2254;xx1;Pink - R ;;;;;;;;;;;;;;;;;;;;;;;;;;;;;;;;1;;
1052;47;3796;2256;201;Pink - R;;;;;;;;;;;;;;;;;;;;;;;;;;;;;;;1;;;
1052;47;3796;2256;202;Pink - R;;;;;;;;;;;;;;;;;;;;;;;;;;;;;;;1;;;
1052;47;3796;2256;203;Pink - R;;;;;;;;;;;;;;;;;;;;;;;;;;;;;;;1;;;
1052;47;3796;2256;203;Pink - R;;;;;;;;;;;;;;;;;;;;;;;;;;;;;;;1;;;
1052;47;3796;2256;204;Pink - R;;;;;;;;;;;;;;;;;;;;;;;;;;;;;;;1;;;
1052;47;3796;2256;206;Pink - R;;;;;;;;;;;;;;;;;;;;;;;;;;;;;;;1;;;
1052;47;3796;2256;207;Pink - R;;;;;;;;;;;;;;;;;;;;;;;;;;;;;;;1;;;
1052;47;3796;2256;208;Pink - R;;;;;;;;;;;1;;;;;9;5;;;;;;;;;;;;;;;;;
1052;47;3796;2256;209;Pink - R;;;;;;;;;;;1;;;;;8;5.5;;;;;;;;;;;;;;;;;
1052;47;3796;2256;210;Pink - R;;;;;;;;;;;;;;;;;;;;;;;;;;;;;;;1;;;
1052;47;3796;2256;211;Pink - R;;;;;;;;;1;;;;;y;;10;2;;;;;;;;;;;;;;;;;
1052;47;3796;2256;212;Pink - R;;;;;;;;;;1;;;;;;5;6;;;;;;;;;;;;;;;;;
1052;47;3796;2256;213;Pink - R;;;;;;;;1;;;;;;y;;10;4;;;;;;;;;;;;;;;;;
1052;47;3796;2256;214;Pink - R;;;;;;;;;;;;;;;;;;;;;;;;1;;;;;;;;;;
1052;47;3796;2256;215;Pink - R;;;;;;;;;;;;;;;;;;;;;;;;1;;;;;;;;;;
1052;47;3796;2256;216;Pink - R;;;;;;;;;;;;;;;;;;;;;;;;1;;;;;;;;;;
1052;47;3796;2256;217;Pink - R;;;;;;;;;;;;;;;;;;;;;;;;1;;;;;;;;;;
1052;47;3796;2256;218;Pink - R;;;;;;;;;;;;;;;;;;;;;;;;1;;;;;;;;;;
1052;47;3796;2256;220;Pink - R;;;;;;;;1;;;;;;;;7;2;;;;;;;;;;;;;;;;;
1052;47;3796;2256;221;Pink - R;1;;;;;;;;;;;;;;;;;;;;;;;;;;;;;;;;;
1052;47;3796;2256;222;Pink - R;;;;1;;;;;;;;;;;;;;;;;;;;;;;;;;;;;;
1052;47;3796;2256;223;Pink - R;;;1;;;;;;;;;;;;;;;;;;;;;;;;;;;;;;;
1052;47;3796;2256;224;Pink - R;1;;;;;;;;;;;;;;;;;;;;;;;;;;;;;;;;;
1052;47;3796;2256;225;Pink - R;;;;;;;;;;;;;;;;;;;;;;;;;;1;;;;;;;;
1052;47;3796;2256;228;Pink - R;;;;;;;;;;;;;;;;;;;;;;;;;;;;;;;;1;;
1052;47;3796;2256;229;Pink - R;;;;;;;;;;;;;;;;;;;;;;;;;;;;;;;;1;;
1052;47;3796;2256;230;Pink - R;;;;;;;;;;;;;;;;;;;;;;;;;;;;;;;;1;;
1052;47;3796;2256;231;Pink - R;;;;;;;;;;;;;;;;;;;;;;;;;;;;;;;;1;;
1052;47;3796;2256;232;Pink - R;;;;;;;;;;;;;;;;;;;;;;;;;;;;;;;;1;;
1052;47;3796;2256;233;Pink - R;;;;;;;;;;;;;;;;;;;;;;;;;;;;;;;;1;;
1052;47;3796;2256;234;Pink - R;;;;;;;;;;;;;;;;;;;;;;;;;;;;;;;;1;;
1052;47;3796;2256;235;Pink - R;;;;;;;;;;;;;;;;;;;;;;;;;;;;;;;;1;;
1052;47;3796;2256;236;Pink - R;;;;;;;;;;;;;;;;;;;;;;;;;;;;;;;;1;;
1052;47;3796;2256;237;Pink - R;;;;;;;;;;;;;;;;;;;;;;;;;;;;;;;;1;;
1052;47;3796;2256;238;Pink - R;;;;;;;;;;;;;;;;;;;;;;;;;;;;;;;;1;;
1052;47;3796;2256;239;Pink - R;;;;;;;;;;;;;;;;;;;;;;;;;;;;;;;;1;;
1052;47;3796;2256;240;Pink - R;;;;;;;;;;;;;;;;;;;;;;;;;;;;;;;;1;;
1052;47;3796;2256;241;Pink - R;;;;;;;;;;;;;;;;;;;;;;;;;;;;;;;;;1;
1052;47;3796;2256;241;Pink - R;;;;;;;;;;;;;;;;;;;;;;;;;;;;;;;;;1;
1052;48;3921;2280;203;Umgelagert;;;;;;;;;;;;;;;;;;;;;;;;;;;;;1;;;;;
1052;48;3921;2280;204;Umgelagert;;;;;;;;;;;;;;;;;;;;;;;;;;;;;1;;;;;
1052;48;3921;2280;205;Umgelagert;;;;;;;;;;;;;;;;;;;;1;;;;;;;;;;;;;;
1052;48;3921;2280;206;Umgelagert;;;;;;;;;;;;;;;;;;;;;;;;;;;;;;;;1;;
1052;48;3921;2280;207;Umgelagert;;;;;;;;;;;;;;;;;;;;;;;;;;;;;;;;1;;
1052;46;3980;2285;201;Umgelagert;;;;;;;;;;;;;;;;;;;;;;;;;;;;;1;;;;;
1052;47;3791;2287;201;Pink - R;;;;;;;;;;;;;;;;;;;;;;;;;;;;;;;1;;;
1052;47;3791;2287;202;Pink - R;;;;;;;;;;;;;;;;;;;;;;;;1;;;;;;;;;;
1052;47;3791;2287;203;Pink - R;;;;;;;;;;;;;;;;;;;;;;;;1;;;;;;;;;;
1052;47;3791;2287;204;Pink - R;;;;;;;;;;;;;;;;;;;;;;;;;;;;;;;1;;;
1052;47;3791;2287;205;Pink - R;;;;;;;;;;;;;;;;;;;;;;;;;;;;;;1;;;;
1052;47;3791;2287;206;Pink - R;;;;;;;;;;;;;;;;;;;;;;;;;;;;;;1;;;;
1052;47;3791;2287;207;Pink - R;;;;;;;;;;;;;;;;;;;;;;;;;;;;;1;;;;;
1052;47;3791;2287;208;Pink - R;;;;;;;;;;;;;;;;;;;;;;;;;;;;;;;;1;;
1052;47;3791;2287;209;Pink - R;;;;;;;;;;;;;;;;;;;;;;;;;;;;;;;;1;;
1052;47;3791;2287;210;Pink - R;;;;;;;;;;;;;;;;;;;;;;;;;;;;;;;;1;;
1052;56;3770;2300;201;Pink - R;;;;;;;;;;;;;;;;;;;;;;;;;;;;;;;;;1;
1052;56;3770;2300;202;Pink - R;;;;;;;;;;;;;;;;;;;;;;;;;;;;;;;;;1;
1052;47;3968;2302;201;Pink - R;;;;;;;;;;;;;;;;;;1;;;;;;;;;;;;;;;;
1052;46;3981;2305;201;Grab 270;1;;;;;;;;;;;;;;;;;;1;;;;;;;;;;;;;;;
1052;47;3975;2310;201;Umgelagert;;;;;;;;1;;;;;;;;17;3;;;;;;;;;;;;;;;;;
1052;46;3909;2315;201;Pink - Steinansammlung;;;;;;;;;;;;;;;;;;;;;;;;;;;;;;;1;;;
1052;46;3909;2315;202;Pink - Steinansammlung;;;;;;;;;;;;;;;;;;;;;;;;;;;;;;;;1;;
1052;46;3909;2315;203;Pink - Steinansammlung;;;;;;;;;;;;;;;;;;;;;;;;;;;;;;;;1;;
1052;46;3909;2315;204;Pink - Steinansammlung;;;;;;;;;;;;;;;;;;;;;;;;;;;;;;;;;1;
1052;47;3990;2319;203;Grab 276;;;;;;;;;;1;;;;;;5;4;;;;;;;;;;;;;;;;;
1052;47;3990;2319;204;Grab 276;;;;;;;;;;;;;;;;;;;;;;;;1;;;;;;;;;;
1052;47;3990;2319;205;Grab 276;;;;;;;;;;;;;;;;;;;;;;;;;;;;;;;;1;;
1052;47;3990;2319;206;Grab 276;;;;;;;;;;;;;;;;;;;;;;;;;;;;;;;;1;;
1052;47;3990;2319;207;Grab 276;;;;1;;;;;;;;;;;;;;;;;;;;;;;;;;;;;;
1052;78;3933;2321;201a;Umgelagert;;;;;;;;;1;;;;;y;;10;4;;;;;;;;;;;;;;;;;
1052;78;3933;2321;201b;Umgelagert;;;;;;;1;;;;;;;;;;;;;;;;;;;;;;;;;;;
1052;46;3908;2322;xx1;Pink - R;;;;;;;;;;;;;;;;;;;;;;;;;;;;;;;;1;;
1052;78;3727;2323;201;Oberer Silt;;;;;;;;;;;;;;;;;;;;;;;1;;;;;;;;;;;
1052;78;3938;2329;201;Umgelagert;;;;;;;;;;;;;;;;;;;;;;;;;;;;;;;;1;;
1052;48;3610;2332;201;Pink - R;;;;;;;;;;;;;;;;;;;;;;;;;;;;;;;1;;;
1052;46;3981;2341;201;Grab 270;;;;;;;;;;;;;;;;;;;;;;;;;;;;;;;;1;;
1052;46;3981;2341;202;Grab 270;;;;;;;;;;;;;;;;;;;;;;;;;;;;;;;;1;;
1052;47;3962;2343;xx1;Umgelagert;;;;;;;;;;;;;;;;;;;;;;;;;;;;;;;;;1;
1052;48;3916;2344;201;Pink - Grube;1;;;;;;;;;;;;;;;;;;;;;;;;;;;;;;;;;
1052;48;3916;2344;202;Pink - Grube;;;;;1;;;;;;;;;;;;;;;;;;;;;;;;;;;;;
1052;46;3908;2349;201;Pink - R ;;;;;;;;;;;;;;;;;;;;;;;;;;;;;;;;1;;
1052;46;3908;2350;201;Pink - R;;;;;;;;;;;;;;;;;;;;;;;;;;;;;;;1;;;
1052;46;3908;2350;202;Pink - R;;;;;;;;;;;;;;;;;;;;;;;;;;;;;;;1;;;
1052;46;3908;2350;203;Pink - R;;;;;;;;;;;;;;;;;;;;;;;;;;;;;;;1;;;
1052;46;3908;2350;204;Pink - R;1;;;;;;;;;;;;;;;;;;;;;;;;;;;;;;;;;
1052;46;3908;2350;205;Pink - R;;;;;;;;;;1;;;;y;;15;7.5;;;;;;;;;;;;;;;;;
1052;46;3908;2350;206;Pink - R;;;;;;;;;;;;;;;;;;;;;;;;;;;;;;;;1;;
1052;46;3908;2350;207;Pink - R;;;;;;;;;;;;;;;;;;;;;;;;1;;;;;;;;;;
1052;46;3908;2350;208;Pink - R;;;;;;;;;;;;;;;;;;;;;;;;;;;;;1;;;;;
1052;46;3908;2350;209;Pink - R;1;;;;;;;;;;;;;;;;;;;;;;;;;;;;;;;;;
1052;46;3908;2350;210;Pink - R;;;;;;1;;;;;;;;;;;;;;;;;;;;;;;;;;;;
1052;46;3908;2350;211;Pink - R;;;;;;1;;;;;;;;;;;;;;;;;;;;;;;;;;;;
1052;46;3908;2350;212;Pink - R;;;;;;1;;;;;;;;;;;;;;;;;;;;;;;;;;;;
1052;46;3908;2350;213;Pink - R;;;;;;;;;;;;;;;;;;;;;;;;1;;;;;;;;;;
1052;46;3908;2350;213;Pink - R;;;;;;;;;;;;;;;;;;;;;;;;;;;;;;;1;;;
1052;46;3908;2350;214;Pink - R;;;;;;;;;;;;;;;;;;;;;;;;;;;;;;;;1;;
1052;46;3908;2350;215;Pink - R;;;;;;;;;;;;;;;;;;;;;;;;;;;;;;;;1;;
1052;46;3908;2350;216;Pink - R;;;;;;;;;;;;;;;;;;;;;;;;;;;;;;;;1;;
1052;47;3973;2351;201;Pink - R;;;;;;;;;;;;;;;;;;;;;;;;;;;;;;;1;;;
1052;47;3973;2351;202;Pink - R;;;;;;;;;;;;;;;;;;;;;;;;;;;;;;;1;;;
1052;47;3973;2351;203;Pink - R;;;;;;;;;;;;;;;;;;;;;;;;;;;;;1;;;;;
1052;47;3973;2351;204;Pink - R;;;;;;;;;;;;;;;;;;;;;;;;;;;;;;;;1;;
1052;47;3973;2351;205;Pink - R;;;;;;;;;;;;;;;;;;;;;;;;;;;;;;;;1;;
1052;47;3973;2351;206;Pink - R;;;;;;;;;;;;;;;;;;;;;;;;;;;;;;;;1;;
1052;47;3973;2351;207;Pink - R;;;;;;;;;;;;;;;;;;;;;;;;;;;;;;;;1;;
1052;47;3973;2351;208;Pink - R;;;;;;;;;;;;;;;;;;;;;;;;;;;;;;;;1;;
1052;47;3973;2351;209;Pink - R;;;;;;;;;;;;;;;;;;;;;;;;;;;;;;;;;1;
1052;47;3987;2353;201;Werkgrube (Grube mit PfoLo?);;;;;;;;;;;;;;;;;;;;;;;;;;;;;;;1;;;
1052;47;3987;2353;202;Werkgrube (Grube mit PfoLo?);;;;;;;;;;;;;;;;;;;;;;;;;;;;;;;;1;;
1052;47;3987;2353;203;Werkgrube (Grube mit PfoLo?);;;;;;;;;;;;;;;;;;;;;;;;1;;;;;;;;;;
1052;46;4103;2355;201;Grab 273;;;;;;;;;;;;;;;;;;;;;;;;;;;;;;;;;1;
1052;46;4103;2355;202;Grab 273;;;;;;;;;;;;;;;;;;;;;;;;;;;;;;;;1;;
1052;46;4103;2355;203;Grab 273;;;;;;;;;;;;;;;;;;;;;;;;;;;;;;;;1;;
1052;46;4103;2355;204;Grab 273;;;;;;;;;;;;;;;;;;;;;;;;;;;;;;;;1;;
1052;64;3347;2357;201;Umgelagert;;;;1;;;;;;;;;;;;;;;;;;;;;;;;;;;;;;
1052;78;4150;2360;202;Umgelagert;;;;1;;;;;;;;;;;;;;;;;;;;;;;;;;;;;;
1052;46;4103;2362;202;Grab 273;;;;;;;;;;1;;;;;;;2;;;;;;;;;;;;;;;;;
1052;46;3999;2364;201;Oberer Silt (unsicher);;;;;;;;;;;;;;;;;;;;;;;;;;;;;;;1;;;
1052;46;3999;2364;202;Oberer Silt (unsicher);;;;;;;;;;;;;;;;;;;;;;;;1;;;;;;;;;;
1052;46;3999;2364;203;Oberer Silt (unsicher);;;;;;;;;;;;;;;;;;;;;;;;;1;;;;;;;;;
1052;46;3999;2364;204;Oberer Silt (unsicher);;;1;;;;;;;;;;;;;;;;;;;;;;;;;;;;;;;
1052;62;3330;2386;9;Umgelagert;;;;;;;;;;;;;;;;;;;;;;;;;;;;;;;;1;;
1052;65;2424;2424;201;Umgelagert?;;;;;;;;;;;;;;;;;;;;;;;;;;;;;;;1;;;
1052;47;4189;2464;201;Pink - PfoLo;;;;;;;;;;1;;;;;;12;7;;;;;;;;;;;;;;;;;
1052;47;3911;2465;201;Unterer Silt;;;;;1;;;;;;;;;;;;;;;;;;;;;;;;;;;;;
1052;47;3911;2465;202;Unterer Silt;;;;;;;;;;;;;;;;;;;;;;;;;;;;;1;;;;;
1052;47;3911;2465;203;Unterer Silt;;;;;;;;;;;;;;;;;;;;;;;;;;;;;;;;;;
1052;46;4202;2475;201;Pink - PfoLo;;;;;;;;;;;;;;;;;;;;;;;;;;;;;;;1;;;
1052;46;4162;2477;201;Pink - brandgeröteter Bereich;;;;;;;;;;;;;;;;;;;;;;;;;;;;;;;;1;;
1052;46;4162;2477;202;Pink - brandgeröteter Bereich;;;;;;;;;;;;;;;;;;;;;;;;;;;;;;;;1;;
1052;46;4162;2477;203;Pink - brandgeröteter Bereich;;;;;;;;;;1;;;;;;11;2;;;;;;;;;;;;;;;;;
1052;47;4161;2478;201;Pink - PfoLo;;;;;;;;;;;;;;;;;;;;;;;;;;;;;;;;1;;
1052;63;3338;2584;6;Umgelagert;;;;;;;;;;;;;;;;;;;;;;;;;;;;;;;;1;;
1052;94;3785;2591;201;Oberer Silt;;;;;;;;;;;;;;;;;;;;;;;;;;;;;;;1;;;
1052;94;3785;2591;202;Oberer Silt;;;;;;;;;;;;;;;;;;;;;;;;;;;;;;;;1;;
1052;94;3785;2591;203;Oberer Silt;;;;;;;;;;;;;;;;;;;;;;;;;;;;;;;;1;;
1052;94;3785;2591;204;Oberer Silt;;;;;;;;;;;;;;;;;;;;;;;;;;;;;;;;1;;
1052;94;3785;2591;205;Oberer Silt;;;;;;;;;;;;;;;;;;;;;;;;1;;;;;;;;;;
1052;94;4263;2592;201;Umgelagert;;;;;;;;;;;;;;;;;;;;;;;;;;;;;;;;1;;
1052;94;4263;2592;204;Umgelagert;;;;;;;;;;;;;;;;;;;;;;;;1;;;;;;;;;;
1052;94;4263;2592;205;Umgelagert;;;;;;;;;;;;;;;;;;;;;;;;;;;;;;;;;;1
1052;94;3656;2593;201;Oberer Silt;;;;;;;;;;;;;;;;;;;;;;;;1;;;;;;;;;;
1052;94;3656;2593;202;Oberer Silt;;;;;;;;;;;;;;;;;;;;;;;;;;;;;1;;;;;
1052;94;3656;2593;203;Oberer Silt;;;;;;;;;;;;;;;;;;;;;;;;;;;;;1;;;;;
1052;94;3656;2593;xx1;Oberer Silt;1;;;;;;;;;;;;;;;;;;;;;;;;;;;;;;;;;
1052;47;3786;2597;201;Oberer Silt;;;;;;;;;;;;;;;;;;;;;;;;1;;;;;;;;;;
1052;66;4547;2639;201;Umgelagert;;;;;;;;;;;1;;;y;;14;5;;;;;;;;;;;;;;;;;
1052;62;4374;2658;201;Pink - R;;;;;1;;;;;;;;;;;;;;;;;;;;;;;;;;;;;
1052;62;4374;2658;202;Pink - R;;;;;;;;;;;;;;;;;;;;;;;;;;;;;;;;1;;
1052;62;4374;2658;203;Pink - R;;;;;;;;;;;;;;;;;;;;;;;;;;;;;;;;1;;
1052;68;3290;2669;201;Umgelagert;;;;;1;;;;;;;;;;;;;;;;;;;;;;;;;;;;;
1052;94;4297;2670;201;Verfüllung Grab 285;;;;;;;;;;;;;;;;;;;;;;;;;;;;;;;;1;;
1052;94;4297;2670;201;Verfüllung Grab 285;;;;;;;;;;;;;;;;;;;;;;;;;;;;;;;;1;;
1052;94;4297;2670;202;Verfüllung Grab 285;;;;;;;;;;;;;;;;;;;;;;;;1;;;;;;;;;;
1052;94;4297;2670;203;Verfüllung Grab 285;;;;;;;;;;;;;;;;;;;;;;;;1;;;;;;;;;;
1052;94;4297;2670;204;Verfüllung Grab 285;;;1;;;;;;;;;;;;;;;;;;;;;;;;;;;;;;;
1052;94;4297;2670;205;Verfüllung Grab 285;;;;;;;;;;;;;;;;;;;;;;;;1;;;;;;;;;;
1052;94;4297;2670;206;Verfüllung Grab 285;;;;;;;;;;;;;;;;;;;;;;;;1;;;;;;;;;;
1052;94;4297;2670;207;Verfüllung Grab 285;;;;;;;;;;;;;;;;;;;;;;;;1;;;;;;;;;;
1052;94;4297;2670;208;Verfüllung Grab 285;;;;;;;;;;1;;;;;;;;;;;;;;;;;;;;;;;;
1052;94;4297;2670;210;Verfüllung Grab 285;;;;;;;;;;;;;;;;;;;;;;;;1;;;;;;;;;;
1052;95;4513;2686;201;Umgelagert;;;;;;;;;;;;;;;;;;;;;;;;1;;;;;;;;;;
1052;67;4520;2689;201;Umgelagert;;;;;;;;;;;;;;;;;;;;;;;;;;;;;;;;1;;
1052;67;4520;2689;202;Umgelagert;;;;1;;;;;;;;;;;;;;;;;;;;;;;;;;;;;;
1052;67;4520;2689;203;Umgelagert;;;;;;;;;;;;;;;;;;;;;;;;;;;;;;;1;;;
1052;67;4520;2689;204;Umgelagert;;;;;;;;;;;;;;;;;;;;;;;;;;1;;;;;;;;
1052;67;4520;2689;205;Umgelagert;;;;;;;;;;1;;;;;;9;7.5;;;;;;;;;;;;;;;;;
1052;67;4520;2689;206;Umgelagert;;;;;;;;;;;;;;;;;;;;;;;;;;;;;;;;1;;
1052;94;3791;2702;201;Pink - R;;;;;;;;;;;;;;;;;;;;;;;;;;;;;;;;1;;
1052;94;3791;2702;202;Pink - R;;;;;;;;;;;;;;;;;;;;;;;;;;;;;;;;1;;
1052;94;3786;2704;201;Oberer Silt;;;;;;;;;;;;;;;;;;;;;;;;;;;;;;;;1;;
1052;94;3786;2704;202;Oberer Silt;;;;;;;;;;;;;;;;;;;;;;;;;;;;;;;1;;;
1052;94;3786;2704;203;Oberer Silt;;;;;;;;;;;;;;;;;;;;;;;;;;;;;1;;;;;
1052;94;4271;2705;201;Oberer Silt;;;;;;;;;;;;;;;;;;;;;;;;1;;;;;;;;;;
1052;94;4271;2705;202;Oberer Silt;;;;;;;;;;;;;;;;;;;;;;;;;;;;;;;1;;;
1052;94;4271;2705;203;Oberer Silt;;;;;;;;;;;;;;;;;;;;;;;;;1;;;;;;;;;
1052;94;4271;2705;204;Oberer Silt;;;;;1;;;;;;;;;;;;;;;;;;;;;;;;;;;;;
1052;94;4288;2706;201;Umgelagert;;;;;;;;;;1;;;;;;3;6;;;;;;;;;;;;;;;;;
1052;94;4288;2706;202;Umgelagert;;;;;;;;;;;;;;;;;;;;;;;;;;;;;1;;;;;
1052;94;3790;2709;201;Umgelagert;;;;;;;;;;;;;;;;;;;;;;;;;;;;;;;;1;;
1052;94;3790;2709;202;Umgelagert;;;;;;;;;;;;;;;;;;;;;;;;;;;;;;;;1;;
1052;94;3790;2709;203;Umgelagert;;;;;;;;;;;;;;;;;;;;;;;;;;;;;;;;1;;
1052;94;3790;2709;204;Umgelagert;;;;;;;;;;;;;;;;;;;;;;;;;;;;;;;;1;;
1052;94;3790;2709;205;Umgelagert;;;;;;;;;;;;;;;;;;;;;;;;;;;;;;;;1;;
1052;94;3790;2709;206;Umgelagert;;;;;;;;;;;;;;;;;;;;;;;;;;;;;;;;1;;
1052;94;3790;2709;207;Umgelagert;;;;;;;;;;;;;;;;;;;;;;;;;;;;;;;;1;;
1052;94;3790;2709;208;Umgelagert;;;;;;;;;;;;;;;;;;;;;;;;;;;;;;;;1;;
1052;94;3790;2709;209;Umgelagert;;;;;;;;;;;;;;;;;;;;;;;;;;;;;;;;1;;
1052;94;3790;2709;210;Umgelagert;;;;;;;;;;;;;;;;;;;;;;;;;;;;;;;;1;;
1052;94;3790;2709;211;Umgelagert;;;;;;;;;;;;;;;;;;;;;;;;;;;;;;;;1;;
1052;94;3790;2709;216;Umgelagert;;;;;;;;1;;;;;;;;5;4;;;;;;;;;;;;;;;;;
1052;94;3790;2709;217;Umgelagert;;;;;;;;;;;;;;;;;;;;;;;;1;;;;;;;;;;
1052;94;3790;2709;218;Umgelagert;;;;;;;;;;1;;;;;;14;4;;;;;;;;;;;;;;;;;
1052;94;3790;2709;219;Umgelagert;;;;;;;;;;;;;;;;;;;;;;;;;;1;;;;;;;;
1052;94;3790;2709;220;Umgelagert;;;;;;1;;;;;;;;;;;;;;;;;;;;;;;;;;;;
1052;94;3790;2709;221;Umgelagert;1;;;;;;;;;;;;;;;;;;;;;;;;;;;;;;;;;
1052;94;3790;2709;222;Umgelagert;;;;;;1;;;;;;;;;;;;;;;;;;;;;;;;;;;;
1052;94;3790;2709;223;Umgelagert;;;;;;;;;;;;;;;;;;;;;;;;;;;;;1;;;;;
1052;94;4264;2711;201;Oberer Silt;;;;;;;;;;;;;;;;;;;;;;;;;;;;;;;1;;;
1052;94;4264;2711;202;Oberer Silt;;;;;;;;;;;;;;;;;;;;;;;;;;;;;;;1;;;
1052;94;4264;2711;203;Oberer Silt;;;;;;;;;;;;;;;;;;;;;;;;1;;;;;;;;;;
1052;94;4264;2711;204;Oberer Silt;;;;;;;;;;;;;;;;;;;;;;;;;;;;;1;;;;;
1052;94;4264;2711;205;Oberer Silt;;;;;1;;;;;;;;;;;;;;;;;;;;;;;;;;;;;
1052;62;4374;2715;201;Pink - R;1;;;;;;;;;;;;;;;;;;;;;;;;;;;;;;;;;
1052;63;4374;2732;xx1;Umgelagert;;;;;;;;;;;;;;;;;;;;;;;;;;;;;;;;1;;
1052;63;4374;2732;xx2;Umgelagert;;;;;;;;;;;;;;;;;;;;;;;;;;;;;;;;1;;
1052;95;4563;2735;201;Umgelagert;;;;;;;;;;;;;;;;;;;;;;;;;;;;;;;;1;;
1052;95;4563;2735;202;Umgelagert;;;;;;;;;;;;;;;;;;;;;;;;;;;;;;;;1;;
1052;67;4555;2736;1;Oberer Silt;;;;;;;;;;;;;;;;;;;;;;;;;;;;;;;;;;1
1052;67;4555;2736;201;Oberer Silt;;;;;;;;;;;;;;;;;;;;;;;;;;;;;;;;1;;
1052;95;4526;2739;201;Umgelagert;1;;;;;;;;;;;;;;;;;;;;;;;;;;;;;;;;;
1052;95;4526;2739;202;Umgelagert;1;;;;;;;;;;;;;;;;;;;;;;;;;;;;;;;;;
1052;95;4526;2739;203;Umgelagert;;;;1;;;;;;;;;;;;;;;;;;;;;;;;;;;;;;
1052;95;4526;2739;204;Umgelagert;;;;;;;;;1;;;;;y;;8;6;;;;;;;;;;;;;;;;;
1052;95;4526;2739;205;Umgelagert;;;;;;;;;;;1;;;y;;9;6;;;;;;;;;;;;;;;;;
1052;95;4526;2739;206;Umgelagert;;;;;;;;;;;;;;;;;;;;;;;;;;;;;1;;;;;
1052;95;4526;2739;207;Umgelagert;;;;;;;;;;;;;;;;;;;;;;;;;;1;;;;;;;;
1052;95;4526;2739;208;Umgelagert;;;;;;1;;;;;;;;;;;;;;;;;;;;;;;;;;;;
1052;95;4526;2739;209;Umgelagert;;;;;;;;;;1;;;;;;8;5;;;;;;;;;;;;;;;;;
1052;95;4526;2739;210;Umgelagert;;;;;;;;;;;;;;;;;;;;;;;;;;;;;;;;1;;
1052;95;4526;2739;211;Umgelagert;;;;;;;;;;;;;;;;;;;;;;;;;;;;;;;;1;;
1052;95;4526;2739;212;Umgelagert;;;;;;;;;;;;;;;;;;;;;;;;;;;;;;;;1;;
1052;95;4526;2739;213;Umgelagert;;;;;;;;;;;;;;;;;;;;;;;;;;;;;;;;;1;
1052;94;4468;2743;201;Pink - Grube o. Steinnegativ;;;;;;;;;;;;;;;;;;;;;;;;;;;;;;;;1;;
1052;94;4468;2743;202;Pink - Grube o. Steinnegativ;;;;;;;;;;;;;;;;;;;;;;;;;;;;;;;;1;;
1052;95;4398;2767;201;Sarghinterfüllung Grab 284;;;;;;;;;;;;;;;;;;;;;;;;;;;;;;;;1;;
1052;94;4394;2783;6;Umgelagert;;;;;;;;;;;;;;;;;;;;;;;;;;;;;;;;;1;
1052;66;4550;2809;201;Umgelagert;;;;;;;;;;;;;;;;;;;;;;;;;;;;;;;;1;;
1052;66;4550;2809;202;Umgelagert;;;;;;;;;;;;;;;;;;;;;;;;;;;;;;;;1;;
1052;94;4469;2861;201;Pink - Werkgrube;;;;;;;;;;;;;;;;;;;;;;;;;;;;;;;1;;;
1052;94;4469;2861;202;Pink - Werkgrube;;;;;;;;;;;;;;;;;;;;1;;;;;;;;;;;;;;
1052;94;4469;2861;203;Pink - Werkgrube;;;;;;;;;;;;;;;;;;;;;;;;1;;;;;;;;;;
1052;94;4469;2861;204;Pink - Werkgrube;;;1;;;;;;;;;;;;;;;;;;;;;;;;;;;;;;;
1052;94;4469;2861;205;Pink - Werkgrube;;;;;;;;;;;;;;;;;;;;;;;;1;;;;;;;;;;
1052;94;4469;2861;206;Pink - Werkgrube;;;;;;;;;;;;;;;;;;;;;;;;1;;;;;;;;;;
1052;94;4469;2861;207;Pink - Werkgrube;;;;;;;;;;;;;;;;;;;;;;;;;;;;1;;;;;;
1052;94;4469;2861;208;Pink - Werkgrube;;;;;;;;;;;;;;;;;;;;;;;;;;;;1;;;;;;
1052;94;4469;2861;209;Pink - Werkgrube;;;;;;;;;;;;;;;;;;;;;;;;;;1;;;;;;;;
1052;94;4469;2861;210;Pink - Werkgrube;;;;;;;;;;;;;;;;;;;;;;;;;;1;;;;;;;;
1052;94;4469;2861;211;Pink - Werkgrube;;;;;;;;;;;;;;;;;;;;;;;;1;;;;;;;;;;
1052;94;4469;2861;212;Pink - Werkgrube;;;;;;;;;;;;;;;;;;;;;;;;1;;;;;;;;;;
1052;94;4469;2861;213;Pink - Werkgrube;;;;;;;;;;;;;;;;;;;;;;;;;;;;;;1;;;;
1052;94;4469;2868;201;Pink - Werkgrube;;;;;;;;;;;;;;;;;;;;;;;;;;;;;;;1;;;
1052;94;4469;2868;202;Pink - Werkgrube;;;;;;;;1;;;;;;;;;;;;;;;;;;;;;;;;;;
1052;94;4469;2868;203;Pink - Werkgrube;;;;;;;;;;;;;;;;;;;;;;;;1;;;;;;;;;;
1052;94;4469;2868;204;Pink - Werkgrube;;;;;;;;;;;;;;;;;;;;;;;;1;;;;;;;;;;
1052;94;3911;2872;202;Unterer Silt;;;;;;;;;;;;;;;;;;;;;;;;1;;;;;;;;;;
1052;94;4469;2874;201;Pink - Werkgrube;;;;;;;;;;;;;;;;;;;;;;;;;;;;;;;1;;;
1052;94;4469;2874;203;Pink - Werkgrube;;;;;;;;;;;;;;;;;;;;;;;;;;;;;;;1;;;
1052;94;4469;2874;204;Pink - Werkgrube;;;;;;;;;1;;;;;y;y;28;7;;;;;;;;;;;;;;;;;
1052;94;4469;2874;205;Pink - Werkgrube;;;;;;;;;1;;;;;y;y;39;5;;;;;;;;;;;;;;;;;
1052;94;4469;2874;206;Pink - Werkgrube;;;;;;;;;;;;;;;;;;;;;;;;1;;;;;;;;;;
1052;94;4469;2874;207;Pink - Werkgrube;;;;;;;;;;;;;;;;;;;;;;;;;;1;;;;;;;;
1052;94;4469;2874;208;Pink - Werkgrube;;;;;;;;;;;;;;;;;;;;;;;;;;1;;;;;;;;
1052;94;4469;2874;209;Pink - Werkgrube;;;;;;;;;;;;;;;;;;;;;;1;;;;;;;;;;;;
1052;94;4469;2874;210;Pink - Werkgrube;1;;;;;;;;;;;;;;;;;;;;;;;;;;;;;;;;;
1052;94;4469;2874;211;Pink - Werkgrube;1;;;;;;;;;;;;;;;;;;;;;;;;;;;;;;;;;
1052;94;4469;2874;212;Pink - Werkgrube;1;;;;;;;;;;;;;;;;;;;;;;;;;;;;;;;;;
1052;66;4374;2875;201;Pink - R;;;;;;;;;;;;;;;;;;;;;;;;;;;;;;;1;;;
1052;66;4374;2875;202;Pink - R;;;;;;;;;;;;;;;;;;;;;;;;;;;;;;;;1;;
1052;66;4374;2875;203;Pink - R;;;;;;;;;;;;;;;;;;;;;;;;;;;;;1;;;;;
1052;66;4374;2875;204;Pink - R;;;;;1;;;;;;;;;;;;;;;;;;;;;;;;;;;;;
1052;66;4374;2875;205;Pink - R;;;1;;;;;;;;;;;;;;;;;;;;;;;;;;;;;;;
1052;66;4374;2875;206;Pink - R;;;;;;;;;;;;;;;;;;;;;;;;;;;;;;;;1;;
1052;66;4374;2875;207;Pink - R;;;;;;;;;;;;;;;;;;;;;;;;;;;;;;;;1;;
1052;66;4374;2875;208;Pink - R;;;;;;;;;;;;;;;;;;;;;;;;;;;;;;;;1;;
1052;67;4374;2876;202;Pink - R;;;;;;;;;;;;;;;;;;;;;;;;;;;;;;;;1;;
1052;67;4374;2876;203;Pink - R;;;;;;;;;;;;;;;;;;;;;;;;;;;;;;;;1;;
1052;67;4374;2876;204;Pink - R;;;;;;;;;;;;;;;;;;;;;;;;;;;;;;;;1;;
1052;67;4374;2876;205;Pink - R;;;;;;;;;;;;;;;;;;;;;;;;;;;;;;;;1;;
1052;67;4374;2876;206;Pink - R;;;;;;;;;;;;;;;;;;;;;;;;;;;;;;;;1;;
1052;67;4374;2876;207;Pink - R;;;;;;;;;;;;;;;;;;;;;;;;;;;;;;;;1;;
1052;67;4374;2876;208;Pink - R;;;;;;;;;;;;;;;;;;;;;;;;;;;;;;;;;1;
1052;67;4374;2876;209;Pink - R;;;;;;;;;;;;;;;;;;;;;;;;;;;;;;;;;1;
1052;67;4374;2876;210;Pink - R;;;;;;;;;;;;;;;;;;;;;;;;;;;;;;;;1;;
1052;95;4584;2877;201;Oberer Silt;;;;;;;;;;;;;;;;;;;;;;;;;;;;;;;1;;;
1052;95;4584;2877;202;Oberer Silt;;;;;;;;;;;;;;;;;;;;;;;;;;;;;;;1;;;
1052;95;4584;2877;203;Oberer Silt;;;;;;;;;;;;;;;;;;;;;;;;1;;;;;;;;;;
1052;95;4584;2877;204;Oberer Silt;;;;;;;;;;;;;;;;;;;;;;;;;;;;;1;;;;;
1052;95;4584;2877;205;Oberer Silt;;;;;;;;;;;;;;;;;;;;;;;;;;;;;1;;;;;
1052;95;4584;2877;206;Oberer Silt;;;;;;;;;;;;;;;;;;;;;;;;;;;;;;;;1;;
1052;95;4584;2877;207;Oberer Silt;;;;;;;;;;;;;;;;;;;;;;;;1;;;;;;;;;;
1052;95;4584;2877;208;Oberer Silt;;;;;;;;;;;;;;;;;;;;;;;;;;;;;;;;1;;
1052;95;4584;2877;209;Oberer Silt;;;;;;;;;;;;;;;;;;;;;;;;;;;;;;;;1;;
1052;95;4584;2877;210;Oberer Silt;;;;;;;;;;;;;;;;;;;;;;;;;;;;;;;;1;;
1052;95;4584;2877;211;Oberer Silt;;;;;;;;;;;;;;;;;;;;;;;;;;;;;;;;1;;
1052;95;4584;2877;212;Oberer Silt;;;;;;;;;;;;;;;;;;;;;;;;;;;;;;;;1;;
1052;95;4584;2877;213;Oberer Silt;;;;;;;;;;;;;;;;;;;;;;;;;;;;;;;;1;;
1052;95;4584;2877;214;Oberer Silt;;;;;;;;;;;;;;;;;;;;;;;;;;;;;;;;1;;
1052;95;4584;2877;215;Oberer Silt;;;;;;;;;;;;;;;;;;;;;;;;;;;;;;;;1;;
1052;95;4584;2877;216;Oberer Silt;;;;;;;;;;;;;;;;;;;;;;;;;;;;;;;;;1;
1052;67;4374;2878;201;Pink - R;1;;;;;;;;;;;;;;;;;;;;;;;;;;;;;;;;;
1052;67;4374;2878;202;Pink - R;;;;;;;;;;;;1;;;;10;4;;;;;;;;;;;;;;;;;
1052;67;4374;2878;203;Pink - R;;;;;;;;;;;;;;;;;;;;;;;;1;;;;;;;;;;
1052;67;4374;2878;204;Pink - R;;;;;;;;;;;;;;;;;;;;;1;;;;;;;;;;;;;
1052;67;4374;2879;201;Pink - R;;;;;;;;;;;;;;;;;;;;;;;;;;;;;;;1;;;
1052;67;4374;2879;202;Pink - R;;;;;;;;;;;;;;;;;;;;;;;;;;;;;;;;;;1
1052;67;4374;2879;203;Pink - R;;;;;;;;;;;;;;;;;;;;;;;;;;;;1;;;;;;
1052;67;4374;2879;204;Pink - R;;;;;;;;;;;;;;;;;;;;;;;;;;;;;;;;;;1
1052;67;4374;2879;205;Pink - R;;;;;;;;;;;;;;;;;;;;1;;;;;;;;;;;;;;
1052;67;4374;2879;206;Pink - R;;;;1;;;;;;;;;;;;;;;;;;;;;;;;;;;;;;
1052;67;4374;2879;207;Pink - R;;;;;;;;;;;;;;;;;;;;;;;;1;;;;;;;;;;
1052;67;4374;2879;208;Pink - R;;;;;;;;;;;;;;;;;;;;;;;;;;;;;;;;1;;
1052;67;4374;2879;209;Pink - R;;;;;;;;;;;;;;;;;;;;;;;;;;;;;;;;1;;
1052;67;4374;2880;201;Pink - R;;;;;;;;1;;;;;;y;;17;6;;;;;;;;;;;;;;;;;
1052;95;4617;2882;xx1;Verfüllung Pfostengrube ;;;;;;;;;;;;;;;;;;;;;;;;;;;;;;;;1;;
1052;95;4617;2882;xx2;Verfüllung Pfostengrube ;;;;;;;;;;;;;;;;;;;;;;;;;;;;;;;;1;;
1052;66;4563;2883;201;Umgelagert;;;;;;;;;;;;;;;;;;;;;;;;;;;;;;;;1;;
1052;67;4593;2885;201;Pink - R;;;;;;;;;;;;;;;;;;;;;;;;;;;;;;;;1;;
1052;67;4593;2885;202;Pink - R;;;;;;;;;;;;;;;;;;;;;;;;;;;;;;;;1;;
1052;67;4593;2885;203;Pink - R;;;;;;;;;;;;;;;;;;;;;;;;;;;;;;;;1;;
1052;67;4593;2885;204;Pink - R;;;;;;;;;;;;;;;;;;;;;;;;1;;;;;;;;;;
1052;67;4593;2885;205;Pink - R;;;;;;1;;;;;;;;;;;;;;;;;;;;;;;;;;;;
1052;67;4593;2885;206;Pink - R;;;;;;;;;;;;;;;;;;;;;;;;;;;;;;;1;;;
1052;67;4593;2885;207;Pink - R;;;1;;;;;;;;;;;;;;;;;;;;;;;;;;;;;;;
1052;67;4555;2886;201;Pink - R;;;;;;;;;;;;;;;;;;;;;;;;;;;;;;;;1;;
1052;67;4555;2886;202;Pink - R;;;;;;;;;;;;;;;;;;;;;;;;;;;;;;;;1;;
1052;67;4555;2886;203;Pink - R;;;;;;;;;;;;;;;;;;;;;;;;;;;;;;;;1;;
1052;67;4555;2886;204;Pink - R;;;;;;;;;;;;;;;;;;;;;;;;;;;;;;;;1;;
1052;67;4555;2886;205;Pink - R;;;;;;;;;;;;;;;;;;;;;;;;;;;;;;;;1;;
1052;67;4555;2886;206;Pink - R;;;;;;;;;;;;;;;;;;;;;;;;;;;;;;;;1;;
1052;67;4555;2886;207;Pink - R;;;;;;;;;;;;;;;;;;;;;;;;;;;;;;;;1;;
1052;67;4555;2886;208;Pink - R;;;;;;;;;;;;;;;;;;;;;;;;;;;;;;;;1;;
1052;67;4555;2886;209;Pink - R;;;;;;;;;;;;;;;;;;;;;;;;;;;;;;;;1;;
1052;67;4555;2886;210;Pink - R;;;;;;;;;;;;;;;;;;;;;;;;;;;;;;;;1;;
1052;67;4555;2886;211;Pink - R;;;;;;;;;;;;;;;;;;;;;;;;;;;;;;;;1;;
1052;67;4555;2886;212;Pink - R;;;;;;;;;;;;;;;;;;;;;;;;;;;;;;;;1;;
1052;67;4555;2886;213;Pink - R;;;;;;;;;;;;;;;;;;;;;;;;;;;;;;;;1;;
1052;67;4555;2886;214;Pink - R;;;;;;;;;;;;;;;;;;;;;;;;;;;;;;;;1;;
1052;67;4555;2886;215;Pink - R;;;;;;;;;;;;;;;;;;;;;;;;;;;;;;;;1;;
1052;67;4555;2886;216;Pink - R;;;;;;;;;;;;;;;;;;;;;;;;;;;;;;;;1;;
1052;67;4555;2886;217;Pink - R;;;;;;;;;;;;;;;;;;;;;;;;;;;;;;;;;;1
1052;67;4555;2886;218;Pink - R;;;;;;;;;;;;;;;;;;;;;;;;;;;;;;1;;;;
1052;67;4555;2886;219;Pink - R;;;;;;;;;;;;;;;;;;;;;;;;;;;;;;1;;;;
1052;67;4555;2886;220;Pink - R;;;;;;;;;;;;;;;;;;;;;;;;;;;;;;1;;;;
1052;67;4555;2886;221;Pink - R;;;;;;;;;;;;;;;;;;;;;;;;;;;;;;1;;;;
1052;67;4555;2886;222;Pink - R;;;;;;;;;;;;;;;;;;;;;;;;;;;;;;1;;;;
1052;67;4555;2886;223;Pink - R;;;;;;;;;;;;;;;;;;;;;;;;;;;;;;;;;;1
1052;67;4555;2886;224;Pink - R;;;;;;;;;;;;;;;;;;;;;;;;;;;;;;;;;1;
1052;67;4555;2886;225;Pink - R;;;;;;;;;;;;;;;;;;;;;;;;;;;;;;;;;;1
1052;67;4555;2886;226;Pink - R;;;;;;;;;;;;;;;;;;;;;;;;;;;;;;;;;1;
1052;67;4555;2886;227;Pink - R;;;;;;;;;;;;;;;;;;;;;;;;;;;;;;;1;;;
1052;67;4555;2886;228;Pink - R;;;;;;;;;;;;;;;;;;;;;;;;;;;;;;;1;;;
1052;67;4555;2886;229;Pink - R;;;;;;;;;;;;;;;;;;;;;;;;;;;;;;;1;;;
1052;67;4555;2886;230;Pink - R;;;;;;;;;;;;;;;;;;;;;;;;;;;;;;;1;;;
1052;67;4555;2886;231;Pink - R;;;;;;;;;;1;;;;;;7;5;;;;;;;;;;;;;;;;;
1052;67;4555;2886;232;Pink - R;;;;;;;;;;;;;;;;;;;;;;;;;;;;;;;1;;;
1052;67;4555;2886;233;Pink - R;;;;;;;;;;1;;;;;;11;6;;;;;;;;;;;;;;;;;
1052;67;4555;2886;234;Pink - R;;;;;;;;;;1;;;;;;11;6;;;;;;;;;;;;;;;;;
1052;67;4555;2886;235;Pink - R;;;;;;;;;;1;;;;;;9;6;;;;;;;;;;;;;;;;;
1052;67;4555;2886;236;Pink - R;;;;;;;;;;1;;;;;;10;6;;;;;;;;;;;;;;;;;
1052;67;4555;2886;237;Pink - R;;;;;;;;;;;;1;;;;15;3;;;;;;;;;;;;;;;;;
1052;67;4555;2886;238;Pink - R;;;;;;;;;;;;1;;y;;10;5;;;;;;;;;;;;;;;;;
1052;67;4555;2886;239;Pink - R;;;;;;;;;;;;1;;;;8;4;;;;;;;;;;;;;;;;;
1052;67;4555;2886;240;Pink - R;;;;;;;;;;;;;;;;;;;;;;;;;;;;;;;1;;;
1052;67;4555;2886;241;Pink - R;;;;;;;;;;;;1;;;y;16;4;;;;;;;;;;;;;;;;;
1052;67;4555;2886;242;Pink - R;1;;;;;;;;;;;;;;;;;;;;;;;;;;;;;;;;;
1052;67;4555;2886;243;Pink - R;;;;;;;;;;;;;;;;;;;;;;;;;;;1;;;;;;;
1052;67;4555;2886;244;Pink - R;;;;;;;;;;;;;;;;;;;;;;;;;;;;;;;;;;1
1052;67;4555;2886;245;Pink - R;;;;;;;;;;;;;;;;;;;;;;;;;;;;;1;;;;;
1052;95;4585;2888;201;Pink - Grube;;;;;;;1;;;;;;;;;;;;;;;;;;;;;;;;;;;
1052;95;4585;2888;202;Pink - Grube;;;;;;;;;;;;;;;;;;;;;;;;;;;;;;;1;;;
1052;95;4585;2888;203;Pink - Grube;;;;;;;;;;;;;;;;;;;;;;;;;;;;;;;1;;;
1052;95;4585;2888;204;Pink - Grube;;;;;;;;;;;;;;;;;;;;;;;;;;;;;;;1;;;
1052;95;4585;2888;205;Pink - Grube;;;;;;;;;;;;;;;;;;;;;;;;;;;;;;;1;;;
1052;95;4585;2888;206;Pink - Grube;;;;;;;;;;;;;;;;;;;;1;;;;;;;;;;;;;;
1052;95;4585;2888;207;Pink - Grube;;;;;;;;;;;;;;;;;;;;;;;;;;;;;;;1;;;
1052;95;4585;2888;208;Pink - Grube;;;;;;;;;;;;;;;;;;;;;;;;;;1;;;;;;;;
1052;95;4585;2888;209;Pink - Grube;;;;;;;;;;;;;;;;;;;;;;;;;;;;;;;1;;;
1052;95;4585;2888;210;Pink - Grube;1;;;;;;;;;;;;;;;;;;;;;;;;;;;;;;;;;
1052;95;4585;2888;211;Pink - Grube;;;1;;;;;;;;;;;;;;;;;;;;;;;;;;;;;;;
1052;95;4585;2888;212;Pink - Grube;;;;;;;;;;;;;;;;;;;;;;;;;;;;;;;;1;;
1052;95;4585;2888;213;Pink - Grube;;;;;;;;;;;;;;;;;;;;;;;;;;;;;;;;1;;
1052;95;4585;2888;214;Pink - Grube;;;;;;;;;;;;;;;;;;;;;;;;;;;;;;;;1;;
1052;95;4585;2888;215;Pink - Grube;;;;;;;;;;;;;;;;;;;;;;;;;;;;;;;;1;;
1052;95;4585;2888;216;Pink - Grube;;;;;;;;;;;;;;;;;;;;;;;;;;;;;;;;;1;
1052;95;4589;2889;201;Pink - Grube;;;;;;;;;;;;;;;;;;;;;;;;;;;;;;;1;;;
1052;95;4589;2889;xx1;Pink - Pfostengrube;;;;;;;;;;;;;;;;;;;;;;;;;;;;;;;;;1;
1052;95;4589;2890;201;Pink - Grube;;;;;;;;;;;;;;;;;;;;;;;;;;;;;;;1;;;
1052;95;4588;2892;201;Pink - Grube;;;;;;;;;;;;;;;;;;;;;;;;;;;;;;;;1;;
1052;95;4588;2892;202;Pink - Grube;1;;;;;;;;;;;;;;;;;;;;;;;;;;;;;;;;;
1052;95;4588;2892;203;Pink - Grube;;;;1;;;;;;;;;;;;;;;;;;;;;;;;;;;;;;
1052;95;4588;2892;204;Pink - Grube;1;;;;;;;;;;;;;;;;;;;;;;;;;;;;;;;;;
1052;66;3482;2893;201;Jünger, Phosaphat-Silt;;;;;;;;;;;;;;;;;;;;;;;;;;;;;;;1;;;
1052;66;3482;2893;202;Jünger, Phosaphat-Silt;;;;;;;;;;;;;;;;;;;;;;;;;1;;;;;;;;;
1052;66;3482;2893;203;Jünger, Phosaphat-Silt;;;;;;;;;;;;;;;;;;;;;;;;;;;;;;;1;;;
1052;66;4584;2894;201;Oberer Silt;;;;;;;;;;;;;;;;;;;;;;;;;;;;;;;1;;;
1052;66;4584;2894;202;Oberer Silt;;;;;;;;;;;;;;;;;;;;;;;;;;;;;;;1;;;
1052;66;4584;2894;203;Oberer Silt;;;;;;;;;;;;;;;;;;;;;;;;;;;;;;;1;;;
1052;66;4584;2894;204;Oberer Silt;;;;;;;;;;;;;;;;;;;;;;;;1;;;;;;;;;;
1052;66;4584;2894;205;Oberer Silt;;;;;;;;;;;;;;;;;;;;;;;;;;;;;1;;;;;
1052;66;4584;2894;206;Oberer Silt;;;;;;;;;;;;;;;;;;;;;;;;;;;;1;;;;;;
1052;66;4584;2894;207;Oberer Silt;;;;;;;;;;1;;;;y;;;;;;;;;;;;;;;;;;;;
1052;66;4584;2894;208;Oberer Silt;;;;;;;;;;;;;;;;;;;;;;;;;;;;;;;;1;;
1052;66;4584;2894;209;Oberer Silt;;;;;;;;;;;;;;;;;;;;;;;;;;;;;;;;1;;
1052;66;4584;2894;210;Oberer Silt;;;;;;;;;;;;;;;;;;;;;;;;;;;;;;;;1;;
1052;66;4584;2894;211;Oberer Silt;;;;;;;;;;;;;;;;;;;;;;;;;;;;;;;;1;;
1052;66;4584;2894;212;Oberer Silt;;;;;;;;;;;;;;;;;;;;;;;;;;;;;;;;1;;
1052;66;4584;2894;213;Oberer Silt;;;;;;;;;;;;;;;;;;;;;;;;;;;;;;;;1;;
1052;66;4584;2894;214;Oberer Silt;;;;;;;;;;;;;;;;;;;;;;;;;;;;;;;;1;;
1052;66;4584;2894;215;Oberer Silt;;;;;;;;;;;;;;;;;;;;;;;;;;;;;;;;1;;
1052;66;4584;2894;216;Oberer Silt;;;;;;;;;;;;;;;;;;;;;;;;;;;;;;;;1;;
1052;66;4584;2894;217;Oberer Silt;;;;;;;;;;;;;;;;;;;;;;;;;;;;;;;;1;;
1052;66;4584;2894;218;Oberer Silt;;;;;;;;;;;;;;;;;;;;;;;;;;;;;;;;1;;
1052;66;4584;2894;219;Oberer Silt;;;;;;;;;;;;;;;;;;;;;;;;;;;;;;;;1;;
1052;66;4584;2894;220;Oberer Silt;;;;;;;;;;;;;;;;;;;;;;;;;;;;;;;;1;;
1052;66;4584;2894;221;Oberer Silt;;;;;;;;;;;;;;;;;;;;;;;;;;;;;;;;1;;
1052;66;4584;2894;222;Oberer Silt;;;;;;;;;;;;;;;;;;;;;;;;;;;;;;;;1;;
1052;66;4584;2894;223;Oberer Silt;;;1;;;;;;;;;;;;;;;;;;;;;;;;;;;;;;;
1052;66;4584;2894;224;Oberer Silt;;;1;;;;;;;;;;;;;;;;;;;;;;;;;;;;;;;
1052;95;3796;2896;201;Pink - R;;;;;;;;;;;;;;;;;;;;;;;;;;;;;;;;1;;
1052;95;3796;2896;202;Pink - R;;;;;;;;;;;;;;;;;;;;;;;;;;;;;;;;1;;
1052;95;3796;2896;203;Pink - R;;;;;;;;;;;;;;;;;;;;;;;;;;;;;;;;1;;
1052;95;3796;2896;204;Pink - R;;;;;;;;;;;;;;;;;;;;;;;;;;;;;;;;1;;
1052;95;3796;2896;205;Pink - R;;;;;;;;;;;;;;;;;;;;;;;;;;;;;;;;1;;
1052;95;3796;2896;206;Pink - R;;;;;;;;;;;;;;;;;;;;;;;;;;;;;;;;1;;
1052;95;3796;2896;207;Pink - R;;;;;;;;;;;;;;;;;;;;;;;;;;;;;;;;1;;
1052;95;3796;2896;208;Pink - R;;;;;;;;;;;;;;;;;;;;;;;;;;;;;;;1;;;
1052;95;3796;2896;209;Pink - R;;;;;;;;;;1;;;;;;;6;;;;;;;;;;;;;;;;;
1052;95;3796;2896;210;Pink - R;1;;;;;;;;;;;;;;;;;;;;;;;;;;;;;;;;;
1052;66;4374;2897;201;Pink - R;;;;;;;;;;;;;;;;;;;;;;;;;;;;;;;1;;;
1052;66;4374;2897;202;Pink - R;;;;;;;;;;;;;;;;;;;;;;;;;;;;;;;1;;;
1052;66;4374;2897;203;Pink - R;;;;;;;;;;;;;;;;;;;;;;;;;;;;;;;;1;;
1052;66;4374;2897;204;Pink - R;;;;;;;;;;1;;;;y;;10;5;;;;;;;;;;;;;;;;;
1052;66;4374;2897;205;Pink - R;;;;;;;;;;1;;;;;;9;12;;;;;;;;;;;;;;;;;
1052;66;4374;2897;206;Pink - R;;;;;;;;;;;;;;;;;;;;;;;;;;1;;;;;;;;
1052;66;4374;2897;207;Pink - R;;;;;;;;;;;;;1;y;;13;5;;;;;;;;;;;;;;;;;
1052;66;4374;2897;208;Pink - R;;;;;;;;;;;;;;;;;;;;;;;;;;;;;;;1;;;
1052;66;4374;2897;209;Pink - R;;;;;;;;;;;1;;;;;17;4;;;;;;;;;;;;;;;;;
1052;66;4374;2897;210;Pink - R;;;;;;;;;;;;;;;;;;;;;;;;;;1;;;;;;;;
1052;66;4374;2897;211;Pink - R;;;;;;;;;;;;;;;;;;;;;;;;;;;;;;;1;;;
1052;66;4374;2897;212;Pink - R;;;;;;;;;1;;;;;;;;5;;;;;;;;;;;;;;;;;
1052;66;4374;2897;213;Pink - R;;;;;;;;;;;;;;;;;;;;;;;;;;;;;;;1;;;
1052;66;4374;2897;214;Pink - R;;;;;;;;;;;;;;;;;;;;;;;;1;;;;;;;;;;
1052;66;4374;2897;215;Pink - R;;;;;;;;;;;;;;;;;;;;;;;;1;;;;;;;;;;
1052;66;4374;2897;216;Pink - R;;;;;;;;;;;;;;;;;;;;;;;;;;1;;;;;;;;
1052;66;4374;2897;217;Pink - R;;;;;;;;;;;;;1;;;;5;;;;;;;;;;;;;;;;;
1052;66;4374;2897;218;Pink - R;;;;;;;;;;;;;;;;;;;;;;;;;;1;;;;;;;;
1052;66;4374;2897;219;Pink - R;;;;;;1;;;;;;;;;;;;;;;;;;;;;;;;;;;;
1052;66;4374;2897;220;Pink - R;;;;;;;;;;;;;;;;;;;;;;;;;;;;;;;1;;;
1052;66;4374;2897;221;Pink - R;;;;;;;;;;;;;;;;;;;;;;;;1;;;;;;;;;;
1052;66;4374;2897;222;Pink - R;;;;;;;;;;;;;;;;;;;;;;;;;;;;1;;;;;;
1052;66;4374;2897;223;Pink - R;;;;1;;;;;;;;;;;;;;;;;;;;;;;;;;;;;;
1052;66;4374;2897;224;Pink - R;;;;;;;;;;;;;;;;;;;;;;;;;;;;;;;1;;;
1052;66;4374;2897;225;Pink - R;;;1;;;;;;;;;;;;;;;;;;;;;;;;;;;;;;;
1052;66;4374;2897;226;Pink - R;;;1;;;;;;;;;;;;;;;;;;;;;;;;;;;;;;;
1052;66;4374;2897;227;Pink - R;;;;;;;;;;;;;;;;;;;;;;;;;;;;;;;;1;;
1052;66;4374;2897;228;Pink - R;;;;;;;;;;;;;;;;;;;;;;;;;;;;;;;;1;;
1052;66;4374;2897;229;Pink - R;;;;;;;;;;;;;;;;;;;;;;;;;;;;;;;;1;;
1052;66;4374;2897;230;Pink - R;;;;;;;;;;;;;;;;;;;;;;;;;;;;;;;;1;;
1052;66;4374;2897;231;Pink - R;;;;;;;;;;;;;;;;;;;;;;;;;;;;;;;;1;;
1052;66;4374;2897;232;Pink - R;;;;;;;;;;;;;;;;;;;;;;;;;;;;;;;;1;;
1052;66;4374;2897;233;Pink - R;;;;;;;;;;;;;;;;;;;;;;;;;;;;;;;;1;;
1052;66;4374;2897;234;Pink - R;;;;;;;;;;;;;;;;;;;;;;;;;;;;;;;;1;;
1052;66;4374;2897;235;Pink - R;;;;;;;;;;;;;;;;;;;;;;;;;;;;;;;;1;;
1052;66;4374;2897;236;Pink - R;;;;;;;;;;;;;;;;;;;;;;;;;;;;;;;;1;;
1052;66;4374;2897;237;Pink - R;;;;;;;;;;;;;;;;;;;;;;;;;;;;;;;;1;;
1052;66;4374;2897;238;Pink - R;;;;;;;;;;;;;;;;;;;;;;;;;;;;;;;;1;;
1052;66;4374;2897;239;Pink - R;;;;;;;;;;;;;;;;;;;;;;;;;;;;;;;;1;;
1052;66;4374;2897;240;Pink - R;;;;;;;;;;;;;;;;;;;;;;;;;;;;;;;;1;;
1052;66;4374;2897;241;Pink - R;;;;;;;;;;;;;;;;;;;;;;;;;;;;;;;;1;;
1052;66;4374;2897;242;Pink - R;;;;;;;;;;;;;;;;;;;;;;;;;;;;;;;;1;;
1052;66;4374;2897;243;Pink - R;;;;;;;;;;;;;;;;;;;;;;;;;;;;;;;;1;;
1052;67;4584;2898;201;Oberer Silt;;;;;;;;;;;;;;;;;;;;;;;;;;;;;;;1;;;
1052;67;4584;2898;202;Oberer Silt;;;;1;;;;;;;;;;;;;;;;;;;;;;;;;;;;;;
1052;67;4584;2898;203;Oberer Silt;;;;;;;;;;;;;;;;;;;;;;;;;;;;;;;;1;;
1052;67;4584;2898;204;Oberer Silt;;;;;;;;;;;;;;;;;;;;;;;;;;;;;;;;1;;
1052;67;4584;2898;205;Oberer Silt;;;;;;;;;;;;;;;;;;;;;;;;;;;;;;;;1;;
1052;67;4584;2898;206;Oberer Silt;;;;;;;;;;;;;;;;;;;;;;;;;;;;;;;;1;;
1052;67;4584;2898;207;Oberer Silt;;;;;;;;;;;;;;;;;;;;;;;;;;;;;;;;1;;
1052;67;4584;2898;208;Oberer Silt;;;;;;;;;;;;;;;;;;;;;;;;;;;;;;;;1;;
1052;67;4584;2898;209;Oberer Silt;;;;;;;;;;;;;;;;;;;;;;;;;;;;;;;;1;;
1052;67;4584;2898;210;Oberer Silt;;;;;;;;;;;;;;;;;;;;;;;;;;;;;;;;1;;
1052;67;4584;2898;211;Oberer Silt;;;;;;;;;;;;;;;;;;;;;;;;;;;;;;;;1;;
1052;67;4584;2898;212;Oberer Silt;;;;;;;;;;;;;;;;;;;;;;;;;;;;;;;;1;;
1052;67;4584;2898;213;Oberer Silt;;;;;;;;;;;;;;;;;;;;;;;;;;;;;;;;1;;
1052;67;4584;2898;214;Oberer Silt;;;;;;;;;;;;;;;;;;;;;;;;;;;;;;;;1;;
1052;66;4584;2899;201;Oberer Silt;;;;;;;;;;;;;;;;;;;;;;;;;;;;;;;1;;;
1052;66;4584;2899;202;Oberer Silt;;;;;;;;;;1;;;;;;;4;;;;;;;;;;;;;;;;;
1052;66;4584;2899;203;Oberer Silt;1;;;;;;;;;;;;;;;;;;;;;;;;;;;;;;;;;
1052;66;4584;2899;204;Oberer Silt;;;;1;;;;;;;;;;;;;;;;;;;;;;;;;;;;;;
1052;66;4584;2899;205;Oberer Silt;;;;1;;;;;;;;;;;;;;;;;;;;;;;;;;;;;;
1052;66;4584;2899;206;Oberer Silt;;;;1;;;;;;;;;;;;;;;;;;;;;;;;;;;;;;
1052;66;4584;2899;207;Oberer Silt;;;;;;;;;;;1;;;y;;;;;;;;;;;;;;;;;;;;
1052;66;4584;2899;210;Oberer Silt;;;;;;;;;;;;;;;;;;;;;;;;;;;;;;;;1;;
1052;66;4584;2899;211;Oberer Silt;;;;;;;;;;;;;;;;;;;;;;;;;;;;;;;;1;;
1052;66;4584;2899;212;Oberer Silt;;;;;;;;;;;;;;;;;;;;;;;;;;;;;;;;1;;
1052;66;4584;2899;213;Oberer Silt;;;;;;;;;;;;;;;;;;;;;;;;;;;;;;;;1;;
1052;66;4584;2899;214;Oberer Silt;;;;;;;;;;;;;;;;;;;;;;;;;;;;;;;;1;;
1052;66;4584;2899;215;Oberer Silt;;;;;;;;;;;;;;;;;;;;;;;;;;;;;;;;1;;
1052;66;4584;2899;216;Oberer Silt;;;;;;;;;;;;;;;;;;;;;;;;;;;;;;;;1;;
1052;66;4584;2899;217;Oberer Silt;;;;;;;;;;;;;;;;;;;;;;;;;;;;;;;;1;;
1052;66;4584;2899;218;Oberer Silt;;;;;;;;;;;;;;;;;;;;;;;;;;;;;;;;1;;
1052;66;4584;2899;219;Oberer Silt;;;;;;;;;;;;;;;;;;;;;;;;;;;;;;;;1;;
1052;66;4584;2899;220;Oberer Silt;;;;;;;;;;;;;;;;;;;;;;;;;;;;;;;;1;;
1052;66;4584;2899;221;Oberer Silt;;;;;;;;;;;;;;;;;;;;;;;;;;;;;;;;1;;
1052;66;4584;2899;222;Oberer Silt;;;;;;;;;;;;;;;;;;;;;;;;;;;;;;;;1;;
1052;66;4584;2899;223;Oberer Silt;;;;;;;;;;;;;;;;;;;;;;;;;;;;;;;;1;;
1052;66;4584;2899;224;Oberer Silt;;;;;;;;;;;;;;;;;;;;;;;;;;;;;;;;1;;
1052;66;4584;2899;225;Oberer Silt;;;;;;;;;;;;;;;;;;;;;;;;;;;;;;;;1;;
1052;66;4584;2899;226;Oberer Silt;;;;;;;;;;;;;;;;;;;;;;;;;;;;;;;;1;;
1052;66;4584;2899;227;Oberer Silt;;;;;;;;;;;;;;;;;;;;;;;;;;;;;;;;1;;
1052;66;4584;2899;228;Oberer Silt;;;;;;;;;;;;;;;;;;;;;;;;;;;;;;;;1;;
1052;66;4584;2899;229;Oberer Silt;;;;;;;;;;;;;;;;;;;;;;;;;;;;;;;;;1;
1052;95;4566;2900;201;Womöglich Pink - R;;;;;;;;;;;;;;;;;;;;;;;;;;;;;;;1;;;
1052;95;4566;2900;202;Womöglich Pink - R;;;;;;;;;;;;;;;;;;;;;;;;1;;;;;;;;;;
1052;95;4566;2900;203;Womöglich Pink - R;;;;;;;;;;;;;;;;;;;;;;;;1;;;;;;;;;;
1052;95;4566;2900;204;Womöglich Pink - R;;;;;;;;;;;;;;;;;;;;;;;;1;;;;;;;;;;
1052;95;4566;2900;205;Womöglich Pink - R;;;;;;;;;;;;;;;;;;;;;;;;;;;;;;;1;;;
1052;95;4566;2900;206;Womöglich Pink - R;;;;;;;;1;;;;;;;;;5;;;;;;;;;;;;;;;;;
1052;95;4566;2900;207;Womöglich Pink - R;;;;;;;;;;;;;;;;;;;;;;;;1;;;;;;;;;;
1052;95;4566;2900;208;Womöglich Pink - R;;;;;;;;;;;;;;;;;;;;;;;;;;;;;1;;;;;
1052;95;4566;2900;209;Womöglich Pink - R;;;;;;;;;;;;;;;;;;;;;;;;;;;;;;;1;;;
1052;95;4566;2900;210;Womöglich Pink - R;;;;;;;;;;;;;;;;;;;;;;;;1;;;;;;;;;;
1052;95;4566;2900;211;Womöglich Pink - R;;;;;;;;;;;;;;;;;;;;;;;;;;;;;;;;1;;
1052;95;4566;2900;212;Womöglich Pink - R;;;;;;;;;;;;;;;;;;;;;;;;;;;;;;;;1;;
1052;95;4566;2900;213;Womöglich Pink - R;;;;;;;;;;;;;;;;;;;;;;;;;;;;;;;;1;;
1052;95;4566;2900;214;Womöglich Pink - R;;;;;;;;;;;;;;;;;;;;;;;;;;;;;;;;1;;
1052;95;4566;2900;215;Womöglich Pink - R;;;;;;;;;;;;;;;;;;;;;;;;;;;;;;;;1;;
1052;95;4566;2900;216;Womöglich Pink - R;;;;;;;;;;;;;;;;;;;;;;;;;;;;;;;;1;;
1052;95;4566;2900;217;Womöglich Pink - R;;;;;;;;;;;;;;;;;;;;;;;;;;;;;;;;1;;
1052;95;4566;2900;218;Womöglich Pink - R;;;;;;;;;;;;;;;;;;;;;;;;;;;;;;;;1;;
1052;95;4566;2900;219;Womöglich Pink - R;;;;;;;;;;;;;;;;;;;;;;;;;;;;;;;;1;;
1052;95;4566;2900;220;Womöglich Pink - R;;;;;;;;;;;;;;;;;;;;;;;;;;;;;;;;1;;
1052;95;4566;2900;221;Womöglich Pink - R;;;;;;;;;;;;;;;;;;;;;;;;;;;;;;;;1;;
1052;95;4566;2900;222;Womöglich Pink - R;;;;;;;;;;;;;;;;;;;;;;;;;;;;;;;;1;;
1052;112;4675;3017;201;Pink - R;;;;;;;;;;;;;;;;;;;;;;;;;;;;;;;;1;;
1052;112;4675;3019;201;Pink - R;1;;;;;;;;;;;;;;;;;;;;;;;;;;;;;;;;;
1052;112;4675;3019;202;Pink - R;1;;;;;;;;;;;;;;;;;;;;;;;;;;;;;;;;;
1052;95;3796;3159;201;Pink - R;;;;;;;;;;;;;;;;;;;;;;;;;;;;;;;1;;;
1052;95;3796;3159;202;Pink - R;;;;;;;;;;;;;;;;;;;;;;;;;;;;;;;1;;;
1052;95;3796;3159;203;Pink - R;1;;;;;;;;;;;;;;;;;;;;;;;;;;;;;;;;;
1052;95;3796;3159;203;Pink - R;;;;;;;;;;;;;;;;;;;;;;;;;;;;;;;1;;;
1052;95;3796;3159;204;Pink - R;;;;;;;;;;;;;;;;;;;;;;;;;;;;;;;1;;;
1052;95;3796;3159;205;Pink - R;;;;;;;;;;;;;;;;;;;;;;;;;;;;;;;1;;;
1052;95;3796;3159;206;Pink - R;;;;;;;;;;;;;;;;;;;;;;;;;;;;;;;1;;;
1052;95;3796;3159;207;Pink - R;;;;;;;;;;;;;;;;;;;;;;;;;;;;;;;1;;;
1052;95;3796;3159;208;Pink - R;;;;;;;;;;;;;;;;;;;;;;;;;;;;;;;1;;;
1052;95;3796;3159;209;Pink - R;;;;;;;;;;;;;;;;;;;;;;;;;;;;;;;1;;;
1052;95;3796;3159;210;Pink - R;;;;;;;;;;;;;;;;;;;;;;;;;;;;;;;1;;;
1052;95;3796;3159;211;Pink - R;;;;;;;;;;;;;;;;;;;;;;;;1;;;;;;;;;;
1052;95;3796;3159;212;Pink - R;;;;;;;;;;;;;;;;;;;;;;;;;;;;;;;1;;;
1052;95;3796;3159;213;Pink - R;;;;;;;;;;;;;;;;;;;;;;;;1;;;;;;;;;;
1052;95;3796;3159;214;Pink - R;;;;;;;;;;;;;;;;;;;;;;;;;;;;;;;1;;;
1052;95;3796;3159;215;Pink - R;;;;;;;;;;;;;;;;;;;;;;;;;;;;;;1;;;;
1052;95;3796;3159;216;Pink - R;;;;;;;;;;;;;;;;;;;;;;;;1;;;;;;;;;;
1052;95;3796;3159;217;Pink - R;;;;;;;;;;;;;;;;;;;;;;;;1;;;;;;;;;;
1052;95;3796;3159;218;Pink - R;;;;;;;;;;;;;;;;;;;;;;;;1;;;;;;;;;;
1052;95;3796;3159;219;Pink - R;;;;;;;;1;;;;;;y;;9;7;;;;;;;;;;;;;;;;;
1052;95;3796;3159;220;Pink - R;;;;;;;;;;;;;;;;;;;;;;;;;;;;;1;;;;;
1052;95;3796;3159;221;Pink - R;;;;;;;;;;;;;;;;;;;;;;;;;;;;;1;;;;;
1052;95;3796;3159;222;Pink - R;;;;;;;;;;;;;;;;;;;;;;;;;;1;;;;;;;;
1052;95;3796;3159;223;Pink - R;;;;;;;;;;;;;;;;;;;;;;;;;;1;;;;;;;;
1052;95;3796;3159;224;Pink - R;;;;;;;;;1;;;;;;;;4;;;;;;;;;;;;;;;;;
1052;95;3796;3159;225;Pink - R;;;;;;;;;1;;;;;;;;1;;;;;;;;;;;;;;;;;
1052;95;3796;3159;226;Pink - R;;;1;;;;;;;;;;;;;;;;;;;;;;;;;;;;;;;
1052;95;3796;3159;227;Pink - R;;;;;1;;;;;;;;;;;;;;;;;;;;;;;;;;;;;
1052;95;3796;3159;228;Pink - R;1;;;;;;;;;;;;;;;;;;;;;;;;;;;;;;;;;
1052;95;3796;3159;229;Pink - R;;;1;;;;;;;;;;;;;;;;;;;;;;;;;;;;;;;
1052;95;3796;3159;230;Pink - R;;;;;1;;;;;;;;;;;;;;;;;;;;;;;;;;;;;
1052;95;3796;3159;231;Pink - R;;;1;;;;;;;;;;;;;;;;;;;;;;;;;;;;;;;
1052;95;3796;3159;232;Pink - R;;;;;;;;;;;;;;;;;;;;;;;;;;;;;;;;1;;
1052;95;3796;3159;233;Pink - R;;;;;;;;;;;;;;;;;;;;;;;;;;;;;;;;1;;
1052;95;3796;3159;234;Pink - R;;;;;;;;;;;;;;;;;;;;;;;;;;;;;;;;1;;
1052;95;3796;3159;235;Pink - R;;;;;;;;;;;;;;;;;;;;;;;;;;;;;;;;1;;
1052;95;3796;3159;236;Pink - R;;;;;;;;;;;;;;;;;;;;;;;;;;;;;;;;1;;
1052;95;3796;3159;237;Pink - R;;;;;;;;;;;;;;;;;;;;;;;;;;;;;;;;1;;
1052;95;3796;3159;238;Pink - R;;;;;;;;;;;;;;;;;;;;;;;;;;;;;;;;1;;
1052;95;3796;3159;239;Pink - R;;;;;;;;;;;;;;;;;;;;;;;;;;;;;;;;1;;
1052;95;3796;3159;240;Pink - R;;;;;;;;;;;;;;;;;;;;;;;;;;;;;;;;1;;
1052;95;3796;3159;241;Pink - R;;;;;;;;;;;;;;;;;;;;;;;;;;;;;;;;1;;
1052;95;3796;3159;242;Pink - R;;;;;;;;;;;;;;;;;;;;;;;;;;;;;;;;1;;
1052;95;3796;3159;243;Pink - R;;;;;;;;;;;;;;;;;;;;;;;;;;;;;;;;1;;
1052;95;3796;3159;244;Pink - R;;;;;;;;;;;;;;;;;;;;;;;;;;;;;;;;1;;
1052;95;3796;3159;245;Pink - R;;;;;;;;;;;;;;;;;;;;;;;;;;;;;;;;1;;
1052;95;3796;3159;246;Pink - R;;;;;;;;;;;;;;;;;;;;;;;;;;;;;;;;1;;
1052;95;3796;3159;247;Pink - R;;;;;;;;;;;;;;;;;;;;;;;;;;;;;;;;1;;
1052;95;3796;3159;248;Pink - R;;;;;;;;;;;;;;;;;;;;;;;;;;;;;;;;1;;
1052;95;3796;3159;249;Pink - R;;;;;;;;;;;;;;;;;;;;;;;;;;;;;;;;1;;
1052;95;3796;3159;250;Pink - R;;;;;;;;;;;;;;;;;;;;;;;;;;;;;;;;1;;
1052;95;3796;3159;251;Pink - R;;;;;;;;;;;;;;;;;;;;;;;;;;;;;;;;1;;
1052;95;3796;3159;252;Pink - R;;;;;;;;;;;;;;;;;;;;;;;;;;;;;;;;1;;
1052;95;3796;3159;253;Pink - R;;;;;;;;;;;;;;;;;;;;;;;;;;;;;;;;1;;
1052;95;3796;3159;254;Pink - R;;;;;;;;;;;;;;;;;;;;;;;;;;;;;;;;1;;
1052;95;3796;3159;255;Pink - R;;;;;;;;;;;;;;;;;;;;;;;;;;;;;;;;1;;
1052;95;3796;3159;256;Pink - R;;;;;;;;;;;;;;;;;;;;;;;;;;;;;;;;1;;
1052;95;3796;3159;257;Pink - R;;;;;;;;;;;;;;;;;;;;;;;;;;;;;;;;1;;
1052;95;3796;3159;258;Pink - R;;;;;;;;;;;;;;;;;;;;;;;;;;;;;;;;1;;
1052;95;3796;3159;259;Pink - R;;;;;;;;;;;;;;;;;;;;;;;;;;;;;;;;1;;
1052;95;3796;3159;260;Pink - R;;;;;;;;;;;;;;;;;;;;;;;;;;;;;;;;1;;
1052;95;3796;3159;261;Pink - R;;;;;;;;;;;;;;;;;;;;;;;;;;;;;;;;1;;
1052;95;3796;3159;263;Pink - R;;;;;;;;;;;;;;;;;;;;;;;;;;;;;;;;1;;
1052;95;3796;3159;264;Pink - R;;;;;;;;;;;;;;;;;;;;;;;;;;;;;;;;1;;
1052;95;3796;3159;265;Pink - R;;;;;;;;;;;;;;;;;;;;;;;;;;;;;;;;1;;
